time_s,phase_s
0.000000,0.000000e+00
1.000000,1.818760e-01
2.000000,-2.656037e-01
3.000000,-1.013454e-01
4.000000,-5.296228e-03
5.000000,-1.182890e+00
6.000000,-2.193087e+00
7.000000,-2.565447e+00
8.000000,-2.976230e+00
9.000000,-3.260408e+00
10.000000,-3.711500e+00
11.000000,-3.395003e+00
12.000000,-2.995361e+00
13.000000,-2.823186e+00
14.000000,-2.274902e+00
15.000000,-2.072709e+00
16.000000,-2.450693e+00
17.000000,-2.486237e+00
18.000000,-2.924930e+00
19.000000,-2.702072e+00
20.000000,-2.770459e+00
21.000000,-2.975223e+00
22.000000,-3.275012e+00
23.000000,-2.856538e+00
24.000000,-2.922732e+00
25.000000,-3.171806e+00
26.000000,-3.317406e+00
27.000000,-3.046804e+00
28.000000,-2.730777e+00
29.000000,-2.361757e+00
30.000000,-1.867584e+00
31.000000,-8.157021e-01
32.000000,-8.320531e-01
33.000000,-1.119849e+00
34.000000,-1.492092e+00
35.000000,-1.247752e+00
36.000000,-7.837682e-01
37.000000,-9.019490e-01
38.000000,-1.429504e+00
39.000000,-1.905486e+00
40.000000,-1.711092e+00
41.000000,-1.376704e+00
42.000000,-1.187189e+00
43.000000,-1.488565e+00
44.000000,-1.482532e+00
45.000000,-1.456595e+00
46.000000,-1.339977e+00
47.000000,-9.648321e-01
48.000000,-8.259945e-01
49.000000,-5.973148e-01
50.000000,-6.592409e-01
51.000000,-7.213415e-01
52.000000,-8.378572e-01
53.000000,-1.853472e+00
54.000000,-2.569962e+00
55.000000,-3.307343e+00
56.000000,-4.093270e+00
57.000000,-4.591090e+00
58.000000,-4.429216e+00
59.000000,-5.086538e+00
60.000000,-5.273171e+00
61.000000,-6.435337e+00
62.000000,-7.127514e+00
63.000000,-7.450206e+00
64.000000,-7.514446e+00
65.000000,-7.477447e+00
66.000000,-7.496802e+00
67.000000,-8.061812e+00
68.000000,-8.738742e+00
69.000000,-8.988463e+00
70.000000,-9.763876e+00
71.000000,-1.112177e+01
72.000000,-1.249390e+01
73.000000,-1.365198e+01
74.000000,-1.414447e+01
75.000000,-1.461882e+01
76.000000,-1.490902e+01
77.000000,-1.560958e+01
78.000000,-1.610588e+01
79.000000,-1.644192e+01
80.000000,-1.715287e+01
81.000000,-1.770134e+01
82.000000,-1.873583e+01
83.000000,-1.975477e+01
84.000000,-2.083890e+01
85.000000,-2.217905e+01
86.000000,-2.287025e+01
87.000000,-2.381413e+01
88.000000,-2.454279e+01
89.000000,-2.502272e+01
90.000000,-2.549496e+01
91.000000,-2.596887e+01
92.000000,-2.687533e+01
93.000000,-2.806712e+01
94.000000,-2.934861e+01
95.000000,-3.139387e+01
96.000000,-3.347153e+01
97.000000,-3.545137e+01
98.000000,-3.714707e+01
99.000000,-3.820414e+01
100.000000,-3.962484e+01
101.000000,-4.071101e+01
102.000000,-4.108224e+01
103.000000,-4.198894e+01
104.000000,-4.262945e+01
105.000000,-4.392665e+01
106.000000,-4.507401e+01
107.000000,-4.647405e+01
108.000000,-4.757667e+01
109.000000,-4.826328e+01
110.000000,-4.984725e+01
111.000000,-5.064777e+01
112.000000,-5.145124e+01
113.000000,-5.267184e+01
114.000000,-5.419224e+01
115.000000,-5.509509e+01
116.000000,-5.603794e+01
117.000000,-5.660559e+01
118.000000,-5.705212e+01
119.000000,-5.689677e+01
120.000000,-5.747055e+01
121.000000,-5.840365e+01
122.000000,-5.881107e+01
123.000000,-5.901036e+01
124.000000,-5.868806e+01
125.000000,-5.855402e+01
126.000000,-5.864687e+01
127.000000,-5.855041e+01
128.000000,-5.962557e+01
129.000000,-6.074604e+01
130.000000,-6.199549e+01
131.000000,-6.310998e+01
132.000000,-6.448842e+01
133.000000,-6.508588e+01
134.000000,-6.597570e+01
135.000000,-6.737113e+01
136.000000,-6.845713e+01
137.000000,-6.875811e+01
138.000000,-6.852937e+01
139.000000,-6.762818e+01
140.000000,-6.644531e+01
141.000000,-6.650838e+01
142.000000,-6.756532e+01
143.000000,-6.920010e+01
144.000000,-7.000011e+01
145.000000,-7.111694e+01
146.000000,-7.211381e+01
147.000000,-7.310298e+01
148.000000,-7.379223e+01
149.000000,-7.396155e+01
150.000000,-7.449779e+01
151.000000,-7.532233e+01
152.000000,-7.662670e+01
153.000000,-7.817558e+01
154.000000,-7.914844e+01
155.000000,-7.965277e+01
156.000000,-7.935022e+01
157.000000,-7.957492e+01
158.000000,-7.964618e+01
159.000000,-8.041682e+01
160.000000,-8.159324e+01
161.000000,-8.268738e+01
162.000000,-8.343936e+01
163.000000,-8.304693e+01
164.000000,-8.361992e+01
165.000000,-8.372520e+01
166.000000,-8.437211e+01
167.000000,-8.436030e+01
168.000000,-8.451726e+01
169.000000,-8.496386e+01
170.000000,-8.545590e+01
171.000000,-8.618151e+01
172.000000,-8.654675e+01
173.000000,-8.730197e+01
174.000000,-8.842319e+01
175.000000,-8.945713e+01
176.000000,-8.968057e+01
177.000000,-8.918622e+01
178.000000,-8.915644e+01
179.000000,-8.924747e+01
180.000000,-8.908584e+01
181.000000,-8.849206e+01
182.000000,-8.832387e+01
183.000000,-8.838404e+01
184.000000,-8.785208e+01
185.000000,-8.746736e+01
186.000000,-8.676801e+01
187.000000,-8.673522e+01
188.000000,-8.744380e+01
189.000000,-8.811603e+01
190.000000,-8.746486e+01
191.000000,-8.669595e+01
192.000000,-8.678426e+01
193.000000,-8.703136e+01
194.000000,-8.672512e+01
195.000000,-8.747422e+01
196.000000,-8.823631e+01
197.000000,-8.840000e+01
198.000000,-8.890613e+01
199.000000,-8.929212e+01
200.000000,-8.968309e+01
201.000000,-8.979373e+01
202.000000,-8.952029e+01
203.000000,-8.979908e+01
204.000000,-9.018489e+01
205.000000,-9.170598e+01
206.000000,-9.265820e+01
207.000000,-9.391026e+01
208.000000,-9.535521e+01
209.000000,-9.660875e+01
210.000000,-9.748906e+01
211.000000,-9.787165e+01
212.000000,-9.902974e+01
213.000000,-9.970878e+01
214.000000,-1.004556e+02
215.000000,-1.009993e+02
216.000000,-1.009002e+02
217.000000,-1.008344e+02
218.000000,-1.005368e+02
219.000000,-1.009082e+02
220.000000,-1.016146e+02
221.000000,-1.021484e+02
222.000000,-1.024642e+02
223.000000,-1.028395e+02
224.000000,-1.036563e+02
225.000000,-1.039560e+02
226.000000,-1.039258e+02
227.000000,-1.029100e+02
228.000000,-1.022602e+02
229.000000,-1.029281e+02
230.000000,-1.037250e+02
231.000000,-1.050451e+02
232.000000,-1.060483e+02
233.000000,-1.065767e+02
234.000000,-1.068354e+02
235.000000,-1.079583e+02
236.000000,-1.093519e+02
237.000000,-1.113454e+02
238.000000,-1.126538e+02
239.000000,-1.141961e+02
240.000000,-1.155577e+02
241.000000,-1.169683e+02
242.000000,-1.181128e+02
243.000000,-1.198378e+02
244.000000,-1.212252e+02
245.000000,-1.211179e+02
246.000000,-1.221220e+02
247.000000,-1.229304e+02
248.000000,-1.222841e+02
249.000000,-1.211880e+02
250.000000,-1.217231e+02
251.000000,-1.221256e+02
252.000000,-1.221102e+02
253.000000,-1.216254e+02
254.000000,-1.221966e+02
255.000000,-1.225722e+02
256.000000,-1.225032e+02
257.000000,-1.226117e+02
258.000000,-1.231196e+02
259.000000,-1.236948e+02
260.000000,-1.247434e+02
261.000000,-1.253580e+02
262.000000,-1.258381e+02
263.000000,-1.260810e+02
264.000000,-1.264969e+02
265.000000,-1.264160e+02
266.000000,-1.260388e+02
267.000000,-1.259657e+02
268.000000,-1.258751e+02
269.000000,-1.259171e+02
270.000000,-1.260407e+02
271.000000,-1.263875e+02
272.000000,-1.262831e+02
273.000000,-1.260924e+02
274.000000,-1.249598e+02
275.000000,-1.240158e+02
276.000000,-1.237543e+02
277.000000,-1.241670e+02
278.000000,-1.247221e+02
279.000000,-1.243913e+02
280.000000,-1.243424e+02
281.000000,-1.244181e+02
282.000000,-1.253275e+02
283.000000,-1.252812e+02
284.000000,-1.254015e+02
285.000000,-1.262154e+02
286.000000,-1.268086e+02
287.000000,-1.270677e+02
288.000000,-1.273835e+02
289.000000,-1.278514e+02
290.000000,-1.282552e+02
291.000000,-1.286945e+02
292.000000,-1.289031e+02
293.000000,-1.287838e+02
294.000000,-1.302205e+02
295.000000,-1.308666e+02
296.000000,-1.311756e+02
297.000000,-1.314339e+02
298.000000,-1.320135e+02
299.000000,-1.330780e+02
300.000000,-1.331756e+02
301.000000,-1.326810e+02
302.000000,-1.333257e+02
303.000000,-1.331687e+02
304.000000,-1.333521e+02
305.000000,-1.335060e+02
306.000000,-1.339451e+02
307.000000,-1.339220e+02
308.000000,-1.330389e+02
309.000000,-1.321776e+02
310.000000,-1.307922e+02
311.000000,-1.295852e+02
312.000000,-1.286502e+02
313.000000,-1.273122e+02
314.000000,-1.265065e+02
315.000000,-1.257699e+02
316.000000,-1.255616e+02
317.000000,-1.253882e+02
318.000000,-1.254660e+02
319.000000,-1.250081e+02
320.000000,-1.252614e+02
321.000000,-1.248229e+02
322.000000,-1.245641e+02
323.000000,-1.237624e+02
324.000000,-1.230016e+02
325.000000,-1.219373e+02
326.000000,-1.215301e+02
327.000000,-1.222359e+02
328.000000,-1.225849e+02
329.000000,-1.233288e+02
330.000000,-1.237298e+02
331.000000,-1.232685e+02
332.000000,-1.231793e+02
333.000000,-1.238018e+02
334.000000,-1.246500e+02
335.000000,-1.251789e+02
336.000000,-1.261483e+02
337.000000,-1.268483e+02
338.000000,-1.269955e+02
339.000000,-1.267292e+02
340.000000,-1.268202e+02
341.000000,-1.280588e+02
342.000000,-1.283412e+02
343.000000,-1.285214e+02
344.000000,-1.284812e+02
345.000000,-1.281177e+02
346.000000,-1.292235e+02
347.000000,-1.298367e+02
348.000000,-1.299450e+02
349.000000,-1.306679e+02
350.000000,-1.301754e+02
351.000000,-1.298933e+02
352.000000,-1.295086e+02
353.000000,-1.295997e+02
354.000000,-1.291549e+02
355.000000,-1.285677e+02
356.000000,-1.283620e+02
357.000000,-1.282519e+02
358.000000,-1.282550e+02
359.000000,-1.287443e+02
360.000000,-1.290006e+02
361.000000,-1.291729e+02
362.000000,-1.290664e+02
363.000000,-1.287677e+02
364.000000,-1.292690e+02
365.000000,-1.293927e+02
366.000000,-1.289020e+02
367.000000,-1.292745e+02
368.000000,-1.297259e+02
369.000000,-1.296499e+02
370.000000,-1.292144e+02
371.000000,-1.289471e+02
372.000000,-1.281377e+02
373.000000,-1.274308e+02
374.000000,-1.267814e+02
375.000000,-1.262115e+02
376.000000,-1.251395e+02
377.000000,-1.252837e+02
378.000000,-1.262650e+02
379.000000,-1.259991e+02
380.000000,-1.264647e+02
381.000000,-1.268254e+02
382.000000,-1.269301e+02
383.000000,-1.283441e+02
384.000000,-1.298967e+02
385.000000,-1.315745e+02
386.000000,-1.328314e+02
387.000000,-1.334600e+02
388.000000,-1.339947e+02
389.000000,-1.347641e+02
390.000000,-1.363761e+02
391.000000,-1.383399e+02
392.000000,-1.393019e+02
393.000000,-1.401947e+02
394.000000,-1.405877e+02
395.000000,-1.407704e+02
396.000000,-1.410994e+02
397.000000,-1.412108e+02
398.000000,-1.415191e+02
399.000000,-1.418369e+02
400.000000,-1.426734e+02
401.000000,-1.433567e+02
402.000000,-1.438228e+02
403.000000,-1.440862e+02
404.000000,-1.448229e+02
405.000000,-1.453357e+02
406.000000,-1.462053e+02
407.000000,-1.471044e+02
408.000000,-1.478704e+02
409.000000,-1.498901e+02
410.000000,-1.518784e+02
411.000000,-1.539782e+02
412.000000,-1.562990e+02
413.000000,-1.577360e+02
414.000000,-1.583618e+02
415.000000,-1.591598e+02
416.000000,-1.596284e+02
417.000000,-1.595790e+02
418.000000,-1.594145e+02
419.000000,-1.597700e+02
420.000000,-1.597350e+02
421.000000,-1.603215e+02
422.000000,-1.614851e+02
423.000000,-1.627333e+02
424.000000,-1.643526e+02
425.000000,-1.656927e+02
426.000000,-1.666313e+02
427.000000,-1.669141e+02
428.000000,-1.668895e+02
429.000000,-1.680711e+02
430.000000,-1.687856e+02
431.000000,-1.699699e+02
432.000000,-1.706423e+02
433.000000,-1.715993e+02
434.000000,-1.731771e+02
435.000000,-1.737474e+02
436.000000,-1.748170e+02
437.000000,-1.759568e+02
438.000000,-1.772614e+02
439.000000,-1.782884e+02
440.000000,-1.787632e+02
441.000000,-1.793134e+02
442.000000,-1.795820e+02
443.000000,-1.796998e+02
444.000000,-1.794701e+02
445.000000,-1.799602e+02
446.000000,-1.808654e+02
447.000000,-1.807671e+02
448.000000,-1.809715e+02
449.000000,-1.806049e+02
450.000000,-1.804364e+02
451.000000,-1.804419e+02
452.000000,-1.801078e+02
453.000000,-1.790150e+02
454.000000,-1.778993e+02
455.000000,-1.777141e+02
456.000000,-1.776604e+02
457.000000,-1.774393e+02
458.000000,-1.780353e+02
459.000000,-1.783596e+02
460.000000,-1.788640e+02
461.000000,-1.794387e+02
462.000000,-1.806597e+02
463.000000,-1.823995e+02
464.000000,-1.843585e+02
465.000000,-1.858297e+02
466.000000,-1.868091e+02
467.000000,-1.873998e+02
468.000000,-1.869483e+02
469.000000,-1.867980e+02
470.000000,-1.875127e+02
471.000000,-1.878424e+02
472.000000,-1.884136e+02
473.000000,-1.889214e+02
474.000000,-1.891490e+02
475.000000,-1.891763e+02
476.000000,-1.894791e+02
477.000000,-1.893170e+02
478.000000,-1.899072e+02
479.000000,-1.899057e+02
480.000000,-1.887958e+02
481.000000,-1.884706e+02
482.000000,-1.878689e+02
483.000000,-1.878223e+02
484.000000,-1.877784e+02
485.000000,-1.880747e+02
486.000000,-1.885767e+02
487.000000,-1.893239e+02
488.000000,-1.896790e+02
489.000000,-1.904146e+02
490.000000,-1.905370e+02
491.000000,-1.904330e+02
492.000000,-1.907001e+02
493.000000,-1.913064e+02
494.000000,-1.917694e+02
495.000000,-1.925452e+02
496.000000,-1.931077e+02
497.000000,-1.948265e+02
498.000000,-1.962469e+02
499.000000,-1.982876e+02
500.000000,-2.000192e+02
501.000000,-2.004688e+02
502.000000,-2.010605e+02
503.000000,-2.024698e+02
504.000000,-2.044353e+02
505.000000,-2.068988e+02
506.000000,-2.081206e+02
507.000000,-2.079064e+02
508.000000,-2.083621e+02
509.000000,-2.092913e+02
510.000000,-2.099742e+02
511.000000,-2.114022e+02
512.000000,-2.123344e+02
513.000000,-2.129598e+02
514.000000,-2.135048e+02
515.000000,-2.136323e+02
516.000000,-2.138356e+02
517.000000,-2.139665e+02
518.000000,-2.145477e+02
519.000000,-2.144765e+02
520.000000,-2.141510e+02
521.000000,-2.149182e+02
522.000000,-2.156658e+02
523.000000,-2.155200e+02
524.000000,-2.157795e+02
525.000000,-2.155206e+02
526.000000,-2.158613e+02
527.000000,-2.155853e+02
528.000000,-2.158015e+02
529.000000,-2.160319e+02
530.000000,-2.159004e+02
531.000000,-2.166746e+02
532.000000,-2.178996e+02
533.000000,-2.189846e+02
534.000000,-2.198405e+02
535.000000,-2.214245e+02
536.000000,-2.222897e+02
537.000000,-2.234963e+02
538.000000,-2.243339e+02
539.000000,-2.265945e+02
540.000000,-2.284766e+02
541.000000,-2.305943e+02
542.000000,-2.322754e+02
543.000000,-2.333769e+02
544.000000,-2.345282e+02
545.000000,-2.356622e+02
546.000000,-2.366882e+02
547.000000,-2.375609e+02
548.000000,-2.387692e+02
549.000000,-2.392306e+02
550.000000,-2.395635e+02
551.000000,-2.399553e+02
552.000000,-2.402795e+02
553.000000,-2.406198e+02
554.000000,-2.404073e+02
555.000000,-2.411333e+02
556.000000,-2.422420e+02
557.000000,-2.437029e+02
558.000000,-2.454115e+02
559.000000,-2.472302e+02
560.000000,-2.488317e+02
561.000000,-2.499772e+02
562.000000,-2.508538e+02
563.000000,-2.518205e+02
564.000000,-2.530181e+02
565.000000,-2.535305e+02
566.000000,-2.540679e+02
567.000000,-2.550516e+02
568.000000,-2.562688e+02
569.000000,-2.570650e+02
570.000000,-2.580799e+02
571.000000,-2.597774e+02
572.000000,-2.609702e+02
573.000000,-2.620175e+02
574.000000,-2.634762e+02
575.000000,-2.645969e+02
576.000000,-2.661673e+02
577.000000,-2.665963e+02
578.000000,-2.670001e+02
579.000000,-2.680945e+02
580.000000,-2.692709e+02
581.000000,-2.716257e+02
582.000000,-2.735719e+02
583.000000,-2.750608e+02
584.000000,-2.766396e+02
585.000000,-2.773260e+02
586.000000,-2.774968e+02
587.000000,-2.789262e+02
588.000000,-2.803262e+02
589.000000,-2.811578e+02
590.000000,-2.814814e+02
591.000000,-2.828642e+02
592.000000,-2.837238e+02
593.000000,-2.840845e+02
594.000000,-2.859067e+02
595.000000,-2.877650e+02
596.000000,-2.892406e+02
597.000000,-2.906068e+02
598.000000,-2.914005e+02
599.000000,-2.924708e+02
600.000000,-2.943001e+02
601.000000,-2.952965e+02
602.000000,-2.964982e+02
603.000000,-2.970456e+02
604.000000,-2.982933e+02
605.000000,-2.995754e+02
606.000000,-3.003363e+02
607.000000,-3.009688e+02
608.000000,-3.018913e+02
609.000000,-3.036797e+02
610.000000,-3.047760e+02
611.000000,-3.063790e+02
612.000000,-3.076354e+02
613.000000,-3.094287e+02
614.000000,-3.105785e+02
615.000000,-3.121514e+02
616.000000,-3.138422e+02
617.000000,-3.146512e+02
618.000000,-3.155350e+02
619.000000,-3.166408e+02
620.000000,-3.169873e+02
621.000000,-3.180023e+02
622.000000,-3.189187e+02
623.000000,-3.197714e+02
624.000000,-3.209510e+02
625.000000,-3.217724e+02
626.000000,-3.229610e+02
627.000000,-3.240643e+02
628.000000,-3.245454e+02
629.000000,-3.260336e+02
630.000000,-3.279788e+02
631.000000,-3.281721e+02
632.000000,-3.278934e+02
633.000000,-3.289729e+02
634.000000,-3.308615e+02
635.000000,-3.321904e+02
636.000000,-3.334095e+02
637.000000,-3.346007e+02
638.000000,-3.360367e+02
639.000000,-3.367489e+02
640.000000,-3.374346e+02
641.000000,-3.388001e+02
642.000000,-3.391871e+02
643.000000,-3.389444e+02
644.000000,-3.394651e+02
645.000000,-3.403528e+02
646.000000,-3.411948e+02
647.000000,-3.418801e+02
648.000000,-3.434187e+02
649.000000,-3.442774e+02
650.000000,-3.450690e+02
651.000000,-3.449955e+02
652.000000,-3.455382e+02
653.000000,-3.455955e+02
654.000000,-3.466968e+02
655.000000,-3.473149e+02
656.000000,-3.480685e+02
657.000000,-3.493431e+02
658.000000,-3.502231e+02
659.000000,-3.507642e+02
660.000000,-3.520768e+02
661.000000,-3.540709e+02
662.000000,-3.555452e+02
663.000000,-3.573285e+02
664.000000,-3.589473e+02
665.000000,-3.605573e+02
666.000000,-3.628683e+02
667.000000,-3.651162e+02
668.000000,-3.664814e+02
669.000000,-3.682270e+02
670.000000,-3.706394e+02
671.000000,-3.716730e+02
672.000000,-3.726942e+02
673.000000,-3.741068e+02
674.000000,-3.755822e+02
675.000000,-3.760541e+02
676.000000,-3.763482e+02
677.000000,-3.758172e+02
678.000000,-3.759802e+02
679.000000,-3.763173e+02
680.000000,-3.768487e+02
681.000000,-3.770208e+02
682.000000,-3.772052e+02
683.000000,-3.772931e+02
684.000000,-3.781712e+02
685.000000,-3.791737e+02
686.000000,-3.801386e+02
687.000000,-3.805400e+02
688.000000,-3.807072e+02
689.000000,-3.817532e+02
690.000000,-3.829381e+02
691.000000,-3.839374e+02
692.000000,-3.851769e+02
693.000000,-3.862419e+02
694.000000,-3.886741e+02
695.000000,-3.907901e+02
696.000000,-3.929617e+02
697.000000,-3.957307e+02
698.000000,-3.979413e+02
699.000000,-3.999170e+02
700.000000,-4.013959e+02
701.000000,-4.022625e+02
702.000000,-4.036349e+02
703.000000,-4.053384e+02
704.000000,-4.065872e+02
705.000000,-4.074022e+02
706.000000,-4.090096e+02
707.000000,-4.105966e+02
708.000000,-4.115607e+02
709.000000,-4.126875e+02
710.000000,-4.135044e+02
711.000000,-4.145288e+02
712.000000,-4.154285e+02
713.000000,-4.170344e+02
714.000000,-4.183842e+02
715.000000,-4.198716e+02
716.000000,-4.218608e+02
717.000000,-4.239252e+02
718.000000,-4.250865e+02
719.000000,-4.265674e+02
720.000000,-4.283274e+02
721.000000,-4.296507e+02
722.000000,-4.306098e+02
723.000000,-4.329175e+02
724.000000,-4.350077e+02
725.000000,-4.365665e+02
726.000000,-4.370200e+02
727.000000,-4.377359e+02
728.000000,-4.383983e+02
729.000000,-4.398488e+02
730.000000,-4.412889e+02
731.000000,-4.420150e+02
732.000000,-4.427249e+02
733.000000,-4.432259e+02
734.000000,-4.439505e+02
735.000000,-4.444944e+02
736.000000,-4.450178e+02
737.000000,-4.453095e+02
738.000000,-4.457454e+02
739.000000,-4.473062e+02
740.000000,-4.490893e+02
741.000000,-4.494632e+02
742.000000,-4.496527e+02
743.000000,-4.507889e+02
744.000000,-4.522338e+02
745.000000,-4.527291e+02
746.000000,-4.525823e+02
747.000000,-4.520095e+02
748.000000,-4.519802e+02
749.000000,-4.524635e+02
750.000000,-4.531900e+02
751.000000,-4.535419e+02
752.000000,-4.539257e+02
753.000000,-4.543257e+02
754.000000,-4.533337e+02
755.000000,-4.522343e+02
756.000000,-4.515215e+02
757.000000,-4.516372e+02
758.000000,-4.511220e+02
759.000000,-4.505917e+02
760.000000,-4.500948e+02
761.000000,-4.492939e+02
762.000000,-4.487364e+02
763.000000,-4.482392e+02
764.000000,-4.478932e+02
765.000000,-4.479028e+02
766.000000,-4.488207e+02
767.000000,-4.491158e+02
768.000000,-4.495764e+02
769.000000,-4.501085e+02
770.000000,-4.492812e+02
771.000000,-4.481960e+02
772.000000,-4.473071e+02
773.000000,-4.468935e+02
774.000000,-4.462424e+02
775.000000,-4.462035e+02
776.000000,-4.463399e+02
777.000000,-4.470277e+02
778.000000,-4.472317e+02
779.000000,-4.476075e+02
780.000000,-4.485201e+02
781.000000,-4.489312e+02
782.000000,-4.491219e+02
783.000000,-4.485154e+02
784.000000,-4.482525e+02
785.000000,-4.484711e+02
786.000000,-4.487458e+02
787.000000,-4.492160e+02
788.000000,-4.499509e+02
789.000000,-4.511080e+02
790.000000,-4.520025e+02
791.000000,-4.531437e+02
792.000000,-4.544254e+02
793.000000,-4.549565e+02
794.000000,-4.555276e+02
795.000000,-4.568934e+02
796.000000,-4.575235e+02
797.000000,-4.574918e+02
798.000000,-4.573224e+02
799.000000,-4.572353e+02
800.000000,-4.576876e+02
801.000000,-4.586481e+02
802.000000,-4.596912e+02
803.000000,-4.600934e+02
804.000000,-4.602963e+02
805.000000,-4.601065e+02
806.000000,-4.600651e+02
807.000000,-4.607218e+02
808.000000,-4.619645e+02
809.000000,-4.629068e+02
810.000000,-4.636216e+02
811.000000,-4.645296e+02
812.000000,-4.655994e+02
813.000000,-4.663999e+02
814.000000,-4.675040e+02
815.000000,-4.686600e+02
816.000000,-4.694598e+02
817.000000,-4.704831e+02
818.000000,-4.712886e+02
819.000000,-4.721557e+02
820.000000,-4.736302e+02
821.000000,-4.748378e+02
822.000000,-4.753969e+02
823.000000,-4.770964e+02
824.000000,-4.793843e+02
825.000000,-4.814951e+02
826.000000,-4.826913e+02
827.000000,-4.836868e+02
828.000000,-4.845961e+02
829.000000,-4.851112e+02
830.000000,-4.870096e+02
831.000000,-4.876935e+02
832.000000,-4.878097e+02
833.000000,-4.889527e+02
834.000000,-4.899177e+02
835.000000,-4.909593e+02
836.000000,-4.919267e+02
837.000000,-4.923987e+02
838.000000,-4.918868e+02
839.000000,-4.910917e+02
840.000000,-4.909903e+02
841.000000,-4.901121e+02
842.000000,-4.897942e+02
843.000000,-4.889545e+02
844.000000,-4.887950e+02
845.000000,-4.886222e+02
846.000000,-4.881569e+02
847.000000,-4.866206e+02
848.000000,-4.860815e+02
849.000000,-4.863710e+02
850.000000,-4.862195e+02
851.000000,-4.866533e+02
852.000000,-4.872016e+02
853.000000,-4.872576e+02
854.000000,-4.876544e+02
855.000000,-4.880681e+02
856.000000,-4.886489e+02
857.000000,-4.891983e+02
858.000000,-4.899343e+02
859.000000,-4.916430e+02
860.000000,-4.925525e+02
861.000000,-4.941113e+02
862.000000,-4.959198e+02
863.000000,-4.971491e+02
864.000000,-4.982851e+02
865.000000,-4.996630e+02
866.000000,-5.005799e+02
867.000000,-5.023257e+02
868.000000,-5.038237e+02
869.000000,-5.053194e+02
870.000000,-5.065743e+02
871.000000,-5.077291e+02
872.000000,-5.093467e+02
873.000000,-5.103814e+02
874.000000,-5.117871e+02
875.000000,-5.141355e+02
876.000000,-5.165257e+02
877.000000,-5.180532e+02
878.000000,-5.194820e+02
879.000000,-5.207959e+02
880.000000,-5.220157e+02
881.000000,-5.230797e+02
882.000000,-5.239744e+02
883.000000,-5.257767e+02
884.000000,-5.277573e+02
885.000000,-5.296304e+02
886.000000,-5.308471e+02
887.000000,-5.316973e+02
888.000000,-5.334107e+02
889.000000,-5.361393e+02
890.000000,-5.386159e+02
891.000000,-5.406007e+02
892.000000,-5.423065e+02
893.000000,-5.437860e+02
894.000000,-5.449791e+02
895.000000,-5.461411e+02
896.000000,-5.467834e+02
897.000000,-5.480770e+02
898.000000,-5.494537e+02
899.000000,-5.503384e+02
900.000000,-5.518473e+02
901.000000,-5.525634e+02
902.000000,-5.532131e+02
903.000000,-5.537925e+02
904.000000,-5.536904e+02
905.000000,-5.542641e+02
906.000000,-5.539547e+02
907.000000,-5.545923e+02
908.000000,-5.557987e+02
909.000000,-5.565791e+02
910.000000,-5.577399e+02
911.000000,-5.586929e+02
912.000000,-5.590272e+02
913.000000,-5.591912e+02
914.000000,-5.596487e+02
915.000000,-5.593777e+02
916.000000,-5.588535e+02
917.000000,-5.582444e+02
918.000000,-5.580152e+02
919.000000,-5.577720e+02
920.000000,-5.588936e+02
921.000000,-5.596262e+02
922.000000,-5.604597e+02
923.000000,-5.608960e+02
924.000000,-5.614708e+02
925.000000,-5.617126e+02
926.000000,-5.610971e+02
927.000000,-5.611819e+02
928.000000,-5.611572e+02
929.000000,-5.613502e+02
930.000000,-5.614232e+02
931.000000,-5.614199e+02
932.000000,-5.611243e+02
933.000000,-5.604130e+02
934.000000,-5.595297e+02
935.000000,-5.592260e+02
936.000000,-5.590479e+02
937.000000,-5.595897e+02
938.000000,-5.597242e+02
939.000000,-5.593382e+02
940.000000,-5.589488e+02
941.000000,-5.588117e+02
942.000000,-5.584774e+02
943.000000,-5.583046e+02
944.000000,-5.579998e+02
945.000000,-5.582400e+02
946.000000,-5.589506e+02
947.000000,-5.597838e+02
948.000000,-5.619719e+02
949.000000,-5.632648e+02
950.000000,-5.660197e+02
951.000000,-5.679881e+02
952.000000,-5.687877e+02
953.000000,-5.694180e+02
954.000000,-5.706018e+02
955.000000,-5.714472e+02
956.000000,-5.713481e+02
957.000000,-5.716631e+02
958.000000,-5.709578e+02
959.000000,-5.710118e+02
960.000000,-5.709676e+02
961.000000,-5.705221e+02
962.000000,-5.708045e+02
963.000000,-5.717069e+02
964.000000,-5.723723e+02
965.000000,-5.730916e+02
966.000000,-5.743364e+02
967.000000,-5.751929e+02
968.000000,-5.760618e+02
969.000000,-5.762481e+02
970.000000,-5.767109e+02
971.000000,-5.773403e+02
972.000000,-5.778891e+02
973.000000,-5.782787e+02
974.000000,-5.785882e+02
975.000000,-5.795936e+02
976.000000,-5.805974e+02
977.000000,-5.807653e+02
978.000000,-5.815088e+02
979.000000,-5.826474e+02
980.000000,-5.830147e+02
981.000000,-5.833417e+02
982.000000,-5.843709e+02
983.000000,-5.846570e+02
984.000000,-5.845874e+02
985.000000,-5.845890e+02
986.000000,-5.846003e+02
987.000000,-5.853665e+02
988.000000,-5.855002e+02
989.000000,-5.857368e+02
990.000000,-5.858913e+02
991.000000,-5.852981e+02
992.000000,-5.842408e+02
993.000000,-5.829875e+02
994.000000,-5.820211e+02
995.000000,-5.817260e+02
996.000000,-5.813578e+02
997.000000,-5.808787e+02
998.000000,-5.807066e+02
999.000000,-5.805818e+02
1000.000000,-5.802766e+02
1001.000000,-5.804141e+02
1002.000000,-5.809223e+02
1003.000000,-5.812941e+02
1004.000000,-5.812304e+02
1005.000000,-5.813498e+02
1006.000000,-5.813465e+02
1007.000000,-5.812573e+02
1008.000000,-5.815774e+02
1009.000000,-5.815388e+02
1010.000000,-5.817553e+02
1011.000000,-5.826127e+02
1012.000000,-5.826136e+02
1013.000000,-5.834679e+02
1014.000000,-5.849817e+02
1015.000000,-5.863316e+02
1016.000000,-5.875636e+02
1017.000000,-5.882851e+02
1018.000000,-5.890182e+02
1019.000000,-5.896679e+02
1020.000000,-5.898730e+02
1021.000000,-5.901090e+02
1022.000000,-5.903800e+02
1023.000000,-5.906469e+02
1024.000000,-5.910652e+02
1025.000000,-5.926210e+02
1026.000000,-5.937212e+02
1027.000000,-5.953313e+02
1028.000000,-5.959851e+02
1029.000000,-5.963246e+02
1030.000000,-5.960994e+02
1031.000000,-5.957418e+02
1032.000000,-5.958387e+02
1033.000000,-5.962503e+02
1034.000000,-5.963480e+02
1035.000000,-5.967839e+02
1036.000000,-5.969736e+02
1037.000000,-5.967621e+02
1038.000000,-5.970679e+02
1039.000000,-5.968692e+02
1040.000000,-5.967483e+02
1041.000000,-5.972334e+02
1042.000000,-5.970192e+02
1043.000000,-5.968882e+02
1044.000000,-5.971501e+02
1045.000000,-5.978831e+02
1046.000000,-5.987408e+02
1047.000000,-5.994023e+02
1048.000000,-5.996575e+02
1049.000000,-6.003862e+02
1050.000000,-6.006745e+02
1051.000000,-6.014792e+02
1052.000000,-6.018383e+02
1053.000000,-6.017610e+02
1054.000000,-6.008054e+02
1055.000000,-6.011418e+02
1056.000000,-6.005329e+02
1057.000000,-6.003018e+02
1058.000000,-6.000644e+02
1059.000000,-5.999086e+02
1060.000000,-5.996786e+02
1061.000000,-5.995871e+02
1062.000000,-5.989684e+02
1063.000000,-5.990174e+02
1064.000000,-5.986534e+02
1065.000000,-5.989864e+02
1066.000000,-5.992704e+02
1067.000000,-5.998708e+02
1068.000000,-5.998098e+02
1069.000000,-5.993248e+02
1070.000000,-5.994960e+02
1071.000000,-5.999267e+02
1072.000000,-6.007823e+02
1073.000000,-6.014074e+02
1074.000000,-6.024904e+02
1075.000000,-6.031694e+02
1076.000000,-6.030972e+02
1077.000000,-6.022530e+02
1078.000000,-6.008110e+02
1079.000000,-6.006249e+02
1080.000000,-5.998795e+02
1081.000000,-5.996269e+02
1082.000000,-5.996576e+02
1083.000000,-5.995518e+02
1084.000000,-5.996569e+02
1085.000000,-5.998820e+02
1086.000000,-6.004691e+02
1087.000000,-6.015672e+02
1088.000000,-6.026539e+02
1089.000000,-6.028039e+02
1090.000000,-6.031706e+02
1091.000000,-6.036054e+02
1092.000000,-6.036664e+02
1093.000000,-6.033023e+02
1094.000000,-6.031098e+02
1095.000000,-6.031070e+02
1096.000000,-6.022224e+02
1097.000000,-6.010569e+02
1098.000000,-6.002575e+02
1099.000000,-5.992788e+02
1100.000000,-5.981822e+02
1101.000000,-5.971930e+02
1102.000000,-5.965179e+02
1103.000000,-5.959904e+02
1104.000000,-5.957076e+02
1105.000000,-5.961339e+02
1106.000000,-5.960696e+02
1107.000000,-5.967840e+02
1108.000000,-5.972277e+02
1109.000000,-5.967149e+02
1110.000000,-5.962318e+02
1111.000000,-5.956370e+02
1112.000000,-5.958978e+02
1113.000000,-5.966710e+02
1114.000000,-5.971187e+02
1115.000000,-5.973757e+02
1116.000000,-5.975520e+02
1117.000000,-5.973789e+02
1118.000000,-5.977897e+02
1119.000000,-5.981115e+02
1120.000000,-5.989385e+02
1121.000000,-5.992948e+02
1122.000000,-5.998341e+02
1123.000000,-6.007256e+02
1124.000000,-6.014351e+02
1125.000000,-6.020896e+02
1126.000000,-6.026448e+02
1127.000000,-6.024570e+02
1128.000000,-6.030391e+02
1129.000000,-6.039915e+02
1130.000000,-6.057535e+02
1131.000000,-6.070715e+02
1132.000000,-6.080090e+02
1133.000000,-6.088782e+02
1134.000000,-6.088723e+02
1135.000000,-6.092761e+02
1136.000000,-6.091947e+02
1137.000000,-6.095865e+02
1138.000000,-6.101056e+02
1139.000000,-6.107262e+02
1140.000000,-6.112922e+02
1141.000000,-6.114364e+02
1142.000000,-6.132917e+02
1143.000000,-6.151877e+02
1144.000000,-6.163549e+02
1145.000000,-6.170602e+02
1146.000000,-6.173404e+02
1147.000000,-6.176389e+02
1148.000000,-6.181767e+02
1149.000000,-6.181164e+02
1150.000000,-6.180016e+02
1151.000000,-6.182243e+02
1152.000000,-6.182477e+02
1153.000000,-6.186395e+02
1154.000000,-6.194330e+02
1155.000000,-6.198308e+02
1156.000000,-6.205014e+02
1157.000000,-6.212809e+02
1158.000000,-6.218032e+02
1159.000000,-6.240235e+02
1160.000000,-6.261137e+02
1161.000000,-6.280457e+02
1162.000000,-6.296036e+02
1163.000000,-6.311136e+02
1164.000000,-6.330790e+02
1165.000000,-6.347863e+02
1166.000000,-6.360987e+02
1167.000000,-6.359175e+02
1168.000000,-6.359460e+02
1169.000000,-6.370587e+02
1170.000000,-6.384597e+02
1171.000000,-6.403704e+02
1172.000000,-6.426167e+02
1173.000000,-6.442030e+02
1174.000000,-6.460037e+02
1175.000000,-6.475176e+02
1176.000000,-6.495347e+02
1177.000000,-6.511475e+02
1178.000000,-6.522188e+02
1179.000000,-6.530624e+02
1180.000000,-6.539165e+02
1181.000000,-6.553585e+02
1182.000000,-6.560230e+02
1183.000000,-6.571650e+02
1184.000000,-6.577978e+02
1185.000000,-6.586814e+02
1186.000000,-6.600920e+02
1187.000000,-6.610104e+02
1188.000000,-6.614609e+02
1189.000000,-6.616931e+02
1190.000000,-6.620423e+02
1191.000000,-6.616745e+02
1192.000000,-6.614650e+02
1193.000000,-6.617437e+02
1194.000000,-6.615858e+02
1195.000000,-6.609040e+02
1196.000000,-6.604152e+02
1197.000000,-6.614158e+02
1198.000000,-6.624699e+02
1199.000000,-6.627360e+02
1200.000000,-6.640678e+02
1201.000000,-6.656725e+02
1202.000000,-6.669117e+02
1203.000000,-6.677607e+02
1204.000000,-6.688239e+02
1205.000000,-6.701823e+02
1206.000000,-6.715826e+02
1207.000000,-6.729776e+02
1208.000000,-6.741989e+02
1209.000000,-6.741331e+02
1210.000000,-6.747166e+02
1211.000000,-6.753203e+02
1212.000000,-6.766104e+02
1213.000000,-6.780552e+02
1214.000000,-6.799847e+02
1215.000000,-6.828371e+02
1216.000000,-6.853360e+02
1217.000000,-6.879400e+02
1218.000000,-6.905730e+02
1219.000000,-6.924331e+02
1220.000000,-6.930111e+02
1221.000000,-6.937661e+02
1222.000000,-6.939511e+02
1223.000000,-6.943573e+02
1224.000000,-6.947319e+02
1225.000000,-6.957229e+02
1226.000000,-6.961846e+02
1227.000000,-6.965443e+02
1228.000000,-6.973974e+02
1229.000000,-6.978576e+02
1230.000000,-6.983646e+02
1231.000000,-6.994385e+02
1232.000000,-7.008550e+02
1233.000000,-7.022474e+02
1234.000000,-7.030248e+02
1235.000000,-7.036102e+02
1236.000000,-7.045225e+02
1237.000000,-7.050134e+02
1238.000000,-7.051046e+02
1239.000000,-7.050042e+02
1240.000000,-7.044568e+02
1241.000000,-7.041103e+02
1242.000000,-7.046363e+02
1243.000000,-7.043143e+02
1244.000000,-7.047576e+02
1245.000000,-7.047881e+02
1246.000000,-7.052679e+02
1247.000000,-7.061968e+02
1248.000000,-7.077157e+02
1249.000000,-7.086882e+02
1250.000000,-7.099539e+02
1251.000000,-7.101015e+02
1252.000000,-7.099386e+02
1253.000000,-7.106722e+02
1254.000000,-7.111188e+02
1255.000000,-7.119373e+02
1256.000000,-7.126371e+02
1257.000000,-7.127027e+02
1258.000000,-7.128621e+02
1259.000000,-7.123815e+02
1260.000000,-7.126507e+02
1261.000000,-7.124696e+02
1262.000000,-7.125742e+02
1263.000000,-7.125400e+02
1264.000000,-7.130153e+02
1265.000000,-7.134260e+02
1266.000000,-7.138776e+02
1267.000000,-7.145219e+02
1268.000000,-7.144924e+02
1269.000000,-7.143093e+02
1270.000000,-7.140452e+02
1271.000000,-7.133752e+02
1272.000000,-7.128478e+02
1273.000000,-7.131573e+02
1274.000000,-7.134087e+02
1275.000000,-7.140853e+02
1276.000000,-7.146136e+02
1277.000000,-7.152609e+02
1278.000000,-7.150781e+02
1279.000000,-7.153934e+02
1280.000000,-7.160566e+02
1281.000000,-7.164575e+02
1282.000000,-7.183249e+02
1283.000000,-7.201951e+02
1284.000000,-7.208782e+02
1285.000000,-7.216780e+02
1286.000000,-7.224913e+02
1287.000000,-7.238642e+02
1288.000000,-7.246096e+02
1289.000000,-7.244543e+02
1290.000000,-7.247666e+02
1291.000000,-7.255677e+02
1292.000000,-7.268079e+02
1293.000000,-7.282836e+02
1294.000000,-7.304493e+02
1295.000000,-7.317047e+02
1296.000000,-7.327581e+02
1297.000000,-7.348348e+02
1298.000000,-7.367405e+02
1299.000000,-7.388416e+02
1300.000000,-7.408367e+02
1301.000000,-7.424778e+02
1302.000000,-7.447886e+02
1303.000000,-7.460145e+02
1304.000000,-7.470907e+02
1305.000000,-7.487441e+02
1306.000000,-7.513700e+02
1307.000000,-7.533668e+02
1308.000000,-7.545331e+02
1309.000000,-7.571096e+02
1310.000000,-7.588415e+02
1311.000000,-7.605670e+02
1312.000000,-7.614445e+02
1313.000000,-7.626359e+02
1314.000000,-7.633266e+02
1315.000000,-7.637151e+02
1316.000000,-7.636400e+02
1317.000000,-7.643478e+02
1318.000000,-7.650832e+02
1319.000000,-7.664799e+02
1320.000000,-7.669809e+02
1321.000000,-7.681810e+02
1322.000000,-7.693993e+02
1323.000000,-7.704528e+02
1324.000000,-7.720077e+02
1325.000000,-7.727811e+02
1326.000000,-7.731398e+02
1327.000000,-7.738364e+02
1328.000000,-7.753006e+02
1329.000000,-7.761921e+02
1330.000000,-7.767531e+02
1331.000000,-7.782871e+02
1332.000000,-7.794103e+02
1333.000000,-7.795375e+02
1334.000000,-7.796468e+02
1335.000000,-7.795035e+02
1336.000000,-7.786996e+02
1337.000000,-7.783343e+02
1338.000000,-7.778342e+02
1339.000000,-7.766413e+02
1340.000000,-7.767007e+02
1341.000000,-7.771851e+02
1342.000000,-7.772427e+02
1343.000000,-7.773120e+02
1344.000000,-7.778230e+02
1345.000000,-7.783996e+02
1346.000000,-7.776615e+02
1347.000000,-7.776463e+02
1348.000000,-7.781337e+02
1349.000000,-7.780614e+02
1350.000000,-7.783856e+02
1351.000000,-7.788071e+02
1352.000000,-7.790021e+02
1353.000000,-7.798385e+02
1354.000000,-7.799566e+02
1355.000000,-7.793822e+02
1356.000000,-7.794331e+02
1357.000000,-7.800039e+02
1358.000000,-7.807569e+02
1359.000000,-7.815055e+02
1360.000000,-7.822096e+02
1361.000000,-7.828768e+02
1362.000000,-7.831427e+02
1363.000000,-7.843074e+02
1364.000000,-7.845601e+02
1365.000000,-7.851181e+02
1366.000000,-7.854661e+02
1367.000000,-7.862100e+02
1368.000000,-7.859454e+02
1369.000000,-7.855698e+02
1370.000000,-7.854932e+02
1371.000000,-7.864169e+02
1372.000000,-7.865611e+02
1373.000000,-7.869080e+02
1374.000000,-7.880720e+02
1375.000000,-7.886273e+02
1376.000000,-7.888814e+02
1377.000000,-7.890111e+02
1378.000000,-7.892581e+02
1379.000000,-7.894283e+02
1380.000000,-7.891631e+02
1381.000000,-7.892811e+02
1382.000000,-7.911530e+02
1383.000000,-7.922401e+02
1384.000000,-7.932293e+02
1385.000000,-7.947628e+02
1386.000000,-7.954721e+02
1387.000000,-7.956732e+02
1388.000000,-7.967146e+02
1389.000000,-7.973303e+02
1390.000000,-7.983711e+02
1391.000000,-7.992082e+02
1392.000000,-7.991778e+02
1393.000000,-7.998047e+02
1394.000000,-8.002128e+02
1395.000000,-8.013173e+02
1396.000000,-8.009718e+02
1397.000000,-8.009731e+02
1398.000000,-8.013460e+02
1399.000000,-8.015654e+02
1400.000000,-8.024716e+02
1401.000000,-8.024602e+02
1402.000000,-8.029482e+02
1403.000000,-8.034791e+02
1404.000000,-8.041069e+02
1405.000000,-8.046636e+02
1406.000000,-8.046293e+02
1407.000000,-8.046162e+02
1408.000000,-8.044459e+02
1409.000000,-8.044598e+02
1410.000000,-8.043056e+02
1411.000000,-8.043324e+02
1412.000000,-8.034470e+02
1413.000000,-8.038476e+02
1414.000000,-8.031990e+02
1415.000000,-8.024239e+02
1416.000000,-8.023898e+02
1417.000000,-8.012045e+02
1418.000000,-8.004072e+02
1419.000000,-7.998092e+02
1420.000000,-7.997196e+02
1421.000000,-7.998645e+02
1422.000000,-8.000212e+02
1423.000000,-7.998853e+02
1424.000000,-7.993728e+02
1425.000000,-7.994291e+02
1426.000000,-7.999644e+02
1427.000000,-7.998415e+02
1428.000000,-7.996331e+02
1429.000000,-7.996073e+02
1430.000000,-7.997393e+02
1431.000000,-8.005045e+02
1432.000000,-8.017584e+02
1433.000000,-8.031816e+02
1434.000000,-8.048870e+02
1435.000000,-8.058858e+02
1436.000000,-8.069788e+02
1437.000000,-8.084200e+02
1438.000000,-8.108673e+02
1439.000000,-8.125222e+02
1440.000000,-8.130564e+02
1441.000000,-8.140498e+02
1442.000000,-8.146948e+02
1443.000000,-8.157742e+02
1444.000000,-8.157102e+02
1445.000000,-8.160165e+02
1446.000000,-8.160102e+02
1447.000000,-8.150963e+02
1448.000000,-8.145421e+02
1449.000000,-8.148994e+02
1450.000000,-8.155357e+02
1451.000000,-8.160638e+02
1452.000000,-8.162359e+02
1453.000000,-8.166064e+02
1454.000000,-8.169657e+02
1455.000000,-8.165676e+02
1456.000000,-8.165451e+02
1457.000000,-8.156749e+02
1458.000000,-8.155343e+02
1459.000000,-8.149421e+02
1460.000000,-8.149404e+02
1461.000000,-8.150010e+02
1462.000000,-8.158871e+02
1463.000000,-8.169633e+02
1464.000000,-8.175341e+02
1465.000000,-8.179667e+02
1466.000000,-8.189839e+02
1467.000000,-8.207890e+02
1468.000000,-8.228216e+02
1469.000000,-8.249550e+02
1470.000000,-8.270930e+02
1471.000000,-8.283236e+02
1472.000000,-8.290190e+02
1473.000000,-8.302605e+02
1474.000000,-8.323883e+02
1475.000000,-8.337048e+02
1476.000000,-8.346858e+02
1477.000000,-8.348236e+02
1478.000000,-8.362403e+02
1479.000000,-8.372367e+02
1480.000000,-8.372911e+02
1481.000000,-8.377471e+02
1482.000000,-8.382516e+02
1483.000000,-8.389808e+02
1484.000000,-8.396684e+02
1485.000000,-8.403140e+02
1486.000000,-8.415964e+02
1487.000000,-8.424497e+02
1488.000000,-8.441449e+02
1489.000000,-8.453062e+02
1490.000000,-8.465305e+02
1491.000000,-8.481438e+02
1492.000000,-8.496415e+02
1493.000000,-8.514648e+02
1494.000000,-8.535140e+02
1495.000000,-8.553506e+02
1496.000000,-8.573800e+02
1497.000000,-8.589093e+02
1498.000000,-8.608634e+02
1499.000000,-8.621984e+02
1500.000000,-8.641801e+02
1501.000000,-8.659680e+02
1502.000000,-8.675691e+02
1503.000000,-8.683376e+02
1504.000000,-8.694285e+02
1505.000000,-8.707937e+02
1506.000000,-8.720508e+02
1507.000000,-8.742726e+02
1508.000000,-8.755955e+02
1509.000000,-8.759913e+02
1510.000000,-8.770694e+02
1511.000000,-8.783001e+02
1512.000000,-8.794104e+02
1513.000000,-8.806341e+02
1514.000000,-8.831820e+02
1515.000000,-8.857237e+02
1516.000000,-8.875011e+02
1517.000000,-8.894622e+02
1518.000000,-8.907281e+02
1519.000000,-8.927648e+02
1520.000000,-8.956551e+02
1521.000000,-8.984886e+02
1522.000000,-9.017533e+02
1523.000000,-9.039060e+02
1524.000000,-9.057556e+02
1525.000000,-9.074706e+02
1526.000000,-9.084416e+02
1527.000000,-9.093171e+02
1528.000000,-9.108783e+02
1529.000000,-9.132008e+02
1530.000000,-9.144052e+02
1531.000000,-9.154395e+02
1532.000000,-9.164904e+02
1533.000000,-9.173740e+02
1534.000000,-9.189720e+02
1535.000000,-9.195268e+02
1536.000000,-9.211359e+02
1537.000000,-9.223709e+02
1538.000000,-9.245387e+02
1539.000000,-9.263697e+02
1540.000000,-9.271540e+02
1541.000000,-9.284717e+02
1542.000000,-9.294360e+02
1543.000000,-9.306427e+02
1544.000000,-9.320061e+02
1545.000000,-9.329378e+02
1546.000000,-9.346762e+02
1547.000000,-9.372083e+02
1548.000000,-9.393967e+02
1549.000000,-9.409998e+02
1550.000000,-9.427534e+02
1551.000000,-9.453700e+02
1552.000000,-9.477841e+02
1553.000000,-9.501084e+02
1554.000000,-9.524007e+02
1555.000000,-9.550536e+02
1556.000000,-9.574012e+02
1557.000000,-9.595899e+02
1558.000000,-9.610735e+02
1559.000000,-9.624801e+02
1560.000000,-9.643352e+02
1561.000000,-9.663799e+02
1562.000000,-9.683455e+02
1563.000000,-9.707852e+02
1564.000000,-9.734661e+02
1565.000000,-9.760824e+02
1566.000000,-9.785663e+02
1567.000000,-9.811416e+02
1568.000000,-9.830963e+02
1569.000000,-9.848290e+02
1570.000000,-9.874149e+02
1571.000000,-9.894325e+02
1572.000000,-9.914224e+02
1573.000000,-9.932108e+02
1574.000000,-9.952267e+02
1575.000000,-9.978895e+02
1576.000000,-1.000470e+03
1577.000000,-1.002392e+03
1578.000000,-1.003945e+03
1579.000000,-1.006640e+03
1580.000000,-1.008318e+03
1581.000000,-1.009532e+03
1582.000000,-1.011243e+03
1583.000000,-1.012848e+03
1584.000000,-1.015020e+03
1585.000000,-1.017191e+03
1586.000000,-1.020082e+03
1587.000000,-1.023201e+03
1588.000000,-1.025034e+03
1589.000000,-1.027456e+03
1590.000000,-1.029784e+03
1591.000000,-1.032450e+03
1592.000000,-1.035036e+03
1593.000000,-1.037002e+03
1594.000000,-1.038928e+03
1595.000000,-1.040257e+03
1596.000000,-1.041363e+03
1597.000000,-1.042426e+03
1598.000000,-1.043384e+03
1599.000000,-1.043884e+03
1600.000000,-1.045355e+03
1601.000000,-1.046445e+03
1602.000000,-1.046936e+03
1603.000000,-1.047451e+03
1604.000000,-1.049043e+03
1605.000000,-1.050206e+03
1606.000000,-1.050611e+03
1607.000000,-1.051300e+03
1608.000000,-1.052210e+03
1609.000000,-1.053361e+03
1610.000000,-1.054589e+03
1611.000000,-1.055574e+03
1612.000000,-1.056732e+03
1613.000000,-1.057809e+03
1614.000000,-1.058819e+03
1615.000000,-1.060031e+03
1616.000000,-1.060580e+03
1617.000000,-1.060294e+03
1618.000000,-1.061796e+03
1619.000000,-1.062749e+03
1620.000000,-1.063974e+03
1621.000000,-1.064678e+03
1622.000000,-1.065441e+03
1623.000000,-1.065864e+03
1624.000000,-1.066128e+03
1625.000000,-1.066774e+03
1626.000000,-1.067326e+03
1627.000000,-1.069137e+03
1628.000000,-1.069553e+03
1629.000000,-1.070260e+03
1630.000000,-1.070933e+03
1631.000000,-1.072596e+03
1632.000000,-1.074233e+03
1633.000000,-1.075438e+03
1634.000000,-1.076649e+03
1635.000000,-1.077692e+03
1636.000000,-1.078573e+03
1637.000000,-1.080515e+03
1638.000000,-1.081560e+03
1639.000000,-1.082929e+03
1640.000000,-1.084602e+03
1641.000000,-1.086779e+03
1642.000000,-1.088404e+03
1643.000000,-1.091005e+03
1644.000000,-1.092560e+03
1645.000000,-1.094711e+03
1646.000000,-1.096261e+03
1647.000000,-1.097644e+03
1648.000000,-1.098524e+03
1649.000000,-1.099914e+03
1650.000000,-1.101583e+03
1651.000000,-1.103078e+03
1652.000000,-1.103824e+03
1653.000000,-1.104855e+03
1654.000000,-1.106360e+03
1655.000000,-1.107988e+03
1656.000000,-1.110095e+03
1657.000000,-1.111537e+03
1658.000000,-1.113571e+03
1659.000000,-1.114581e+03
1660.000000,-1.115489e+03
1661.000000,-1.115604e+03
1662.000000,-1.116996e+03
1663.000000,-1.118046e+03
1664.000000,-1.118256e+03
1665.000000,-1.118775e+03
1666.000000,-1.120152e+03
1667.000000,-1.121350e+03
1668.000000,-1.122656e+03
1669.000000,-1.124000e+03
1670.000000,-1.125794e+03
1671.000000,-1.127536e+03
1672.000000,-1.129825e+03
1673.000000,-1.131455e+03
1674.000000,-1.132892e+03
1675.000000,-1.134694e+03
1676.000000,-1.136992e+03
1677.000000,-1.138301e+03
1678.000000,-1.139824e+03
1679.000000,-1.141882e+03
1680.000000,-1.143942e+03
1681.000000,-1.146505e+03
1682.000000,-1.148885e+03
1683.000000,-1.150864e+03
1684.000000,-1.152102e+03
1685.000000,-1.153926e+03
1686.000000,-1.155367e+03
1687.000000,-1.157202e+03
1688.000000,-1.158813e+03
1689.000000,-1.160521e+03
1690.000000,-1.161976e+03
1691.000000,-1.164124e+03
1692.000000,-1.166883e+03
1693.000000,-1.169600e+03
1694.000000,-1.171971e+03
1695.000000,-1.174425e+03
1696.000000,-1.176174e+03
1697.000000,-1.177972e+03
1698.000000,-1.178816e+03
1699.000000,-1.181184e+03
1700.000000,-1.183075e+03
1701.000000,-1.185423e+03
1702.000000,-1.187555e+03
1703.000000,-1.189479e+03
1704.000000,-1.192226e+03
1705.000000,-1.193820e+03
1706.000000,-1.194603e+03
1707.000000,-1.196219e+03
1708.000000,-1.197619e+03
1709.000000,-1.198774e+03
1710.000000,-1.200502e+03
1711.000000,-1.202649e+03
1712.000000,-1.205430e+03
1713.000000,-1.207103e+03
1714.000000,-1.208967e+03
1715.000000,-1.211182e+03
1716.000000,-1.212975e+03
1717.000000,-1.214991e+03
1718.000000,-1.216924e+03
1719.000000,-1.218448e+03
1720.000000,-1.220582e+03
1721.000000,-1.221901e+03
1722.000000,-1.224036e+03
1723.000000,-1.225771e+03
1724.000000,-1.226331e+03
1725.000000,-1.227140e+03
1726.000000,-1.228538e+03
1727.000000,-1.230486e+03
1728.000000,-1.232330e+03
1729.000000,-1.233912e+03
1730.000000,-1.235491e+03
1731.000000,-1.237145e+03
1732.000000,-1.238834e+03
1733.000000,-1.240702e+03
1734.000000,-1.243082e+03
1735.000000,-1.245050e+03
1736.000000,-1.246469e+03
1737.000000,-1.248705e+03
1738.000000,-1.250575e+03
1739.000000,-1.252547e+03
1740.000000,-1.254114e+03
1741.000000,-1.255665e+03
1742.000000,-1.256460e+03
1743.000000,-1.257667e+03
1744.000000,-1.259633e+03
1745.000000,-1.260956e+03
1746.000000,-1.262796e+03
1747.000000,-1.264569e+03
1748.000000,-1.265973e+03
1749.000000,-1.267576e+03
1750.000000,-1.268717e+03
1751.000000,-1.270489e+03
1752.000000,-1.272279e+03
1753.000000,-1.274009e+03
1754.000000,-1.275514e+03
1755.000000,-1.276192e+03
1756.000000,-1.276830e+03
1757.000000,-1.276972e+03
1758.000000,-1.277075e+03
1759.000000,-1.278643e+03
1760.000000,-1.280158e+03
1761.000000,-1.282258e+03
1762.000000,-1.284346e+03
1763.000000,-1.286408e+03
1764.000000,-1.288664e+03
1765.000000,-1.290845e+03
1766.000000,-1.292642e+03
1767.000000,-1.294619e+03
1768.000000,-1.295761e+03
1769.000000,-1.297217e+03
1770.000000,-1.297299e+03
1771.000000,-1.298513e+03
1772.000000,-1.299773e+03
1773.000000,-1.301396e+03
1774.000000,-1.301838e+03
1775.000000,-1.302409e+03
1776.000000,-1.303527e+03
1777.000000,-1.305363e+03
1778.000000,-1.306742e+03
1779.000000,-1.308447e+03
1780.000000,-1.309161e+03
1781.000000,-1.310086e+03
1782.000000,-1.311578e+03
1783.000000,-1.314161e+03
1784.000000,-1.316159e+03
1785.000000,-1.317262e+03
1786.000000,-1.318011e+03
1787.000000,-1.318926e+03
1788.000000,-1.320957e+03
1789.000000,-1.322343e+03
1790.000000,-1.323529e+03
1791.000000,-1.325779e+03
1792.000000,-1.327510e+03
1793.000000,-1.329112e+03
1794.000000,-1.331089e+03
1795.000000,-1.333710e+03
1796.000000,-1.335773e+03
1797.000000,-1.337719e+03
1798.000000,-1.339586e+03
1799.000000,-1.341582e+03
1800.000000,-1.343498e+03
1801.000000,-1.345179e+03
1802.000000,-1.346657e+03
1803.000000,-1.348444e+03
1804.000000,-1.350314e+03
1805.000000,-1.352102e+03
1806.000000,-1.354587e+03
1807.000000,-1.356148e+03
1808.000000,-1.357746e+03
1809.000000,-1.359305e+03
1810.000000,-1.360661e+03
1811.000000,-1.363255e+03
1812.000000,-1.365880e+03
1813.000000,-1.367485e+03
1814.000000,-1.368975e+03
1815.000000,-1.370334e+03
1816.000000,-1.371805e+03
1817.000000,-1.372744e+03
1818.000000,-1.373501e+03
1819.000000,-1.374483e+03
1820.000000,-1.375930e+03
1821.000000,-1.378029e+03
1822.000000,-1.378912e+03
1823.000000,-1.379400e+03
1824.000000,-1.380153e+03
1825.000000,-1.381471e+03
1826.000000,-1.382180e+03
1827.000000,-1.382673e+03
1828.000000,-1.383017e+03
1829.000000,-1.384377e+03
1830.000000,-1.385600e+03
1831.000000,-1.386449e+03
1832.000000,-1.387640e+03
1833.000000,-1.389304e+03
1834.000000,-1.390369e+03
1835.000000,-1.391306e+03
1836.000000,-1.392441e+03
1837.000000,-1.393600e+03
1838.000000,-1.394902e+03
1839.000000,-1.395684e+03
1840.000000,-1.397444e+03
1841.000000,-1.399254e+03
1842.000000,-1.400818e+03
1843.000000,-1.402213e+03
1844.000000,-1.404667e+03
1845.000000,-1.407298e+03
1846.000000,-1.410134e+03
1847.000000,-1.412145e+03
1848.000000,-1.414407e+03
1849.000000,-1.416269e+03
1850.000000,-1.417626e+03
1851.000000,-1.419366e+03
1852.000000,-1.420766e+03
1853.000000,-1.422240e+03
1854.000000,-1.423297e+03
1855.000000,-1.424426e+03
1856.000000,-1.426019e+03
1857.000000,-1.427371e+03
1858.000000,-1.428197e+03
1859.000000,-1.429340e+03
1860.000000,-1.431172e+03
1861.000000,-1.432299e+03
1862.000000,-1.433865e+03
1863.000000,-1.434423e+03
1864.000000,-1.435021e+03
1865.000000,-1.435985e+03
1866.000000,-1.437106e+03
1867.000000,-1.438398e+03
1868.000000,-1.439427e+03
1869.000000,-1.440870e+03
1870.000000,-1.442128e+03
1871.000000,-1.443241e+03
1872.000000,-1.445035e+03
1873.000000,-1.447070e+03
1874.000000,-1.449412e+03
1875.000000,-1.451768e+03
1876.000000,-1.454211e+03
1877.000000,-1.455420e+03
1878.000000,-1.455952e+03
1879.000000,-1.456732e+03
1880.000000,-1.458741e+03
1881.000000,-1.459922e+03
1882.000000,-1.460854e+03
1883.000000,-1.462623e+03
1884.000000,-1.464496e+03
1885.000000,-1.467217e+03
1886.000000,-1.469222e+03
1887.000000,-1.471630e+03
1888.000000,-1.473681e+03
1889.000000,-1.476297e+03
1890.000000,-1.478095e+03
1891.000000,-1.479714e+03
1892.000000,-1.482196e+03
1893.000000,-1.485077e+03
1894.000000,-1.488374e+03
1895.000000,-1.490936e+03
1896.000000,-1.493547e+03
1897.000000,-1.496427e+03
1898.000000,-1.498497e+03
1899.000000,-1.500821e+03
1900.000000,-1.503362e+03
1901.000000,-1.505540e+03
1902.000000,-1.506939e+03
1903.000000,-1.508444e+03
1904.000000,-1.510251e+03
1905.000000,-1.511911e+03
1906.000000,-1.514265e+03
1907.000000,-1.516226e+03
1908.000000,-1.518121e+03
1909.000000,-1.520247e+03
1910.000000,-1.522104e+03
1911.000000,-1.524412e+03
1912.000000,-1.526289e+03
1913.000000,-1.528361e+03
1914.000000,-1.531782e+03
1915.000000,-1.533933e+03
1916.000000,-1.537553e+03
1917.000000,-1.540247e+03
1918.000000,-1.542141e+03
1919.000000,-1.544572e+03
1920.000000,-1.547545e+03
1921.000000,-1.550293e+03
1922.000000,-1.552240e+03
1923.000000,-1.555126e+03
1924.000000,-1.556914e+03
1925.000000,-1.559106e+03
1926.000000,-1.561836e+03
1927.000000,-1.564375e+03
1928.000000,-1.566941e+03
1929.000000,-1.568694e+03
1930.000000,-1.570541e+03
1931.000000,-1.573383e+03
1932.000000,-1.575833e+03
1933.000000,-1.578255e+03
1934.000000,-1.579894e+03
1935.000000,-1.582360e+03
1936.000000,-1.583833e+03
1937.000000,-1.585974e+03
1938.000000,-1.588771e+03
1939.000000,-1.591515e+03
1940.000000,-1.594388e+03
1941.000000,-1.597442e+03
1942.000000,-1.600055e+03
1943.000000,-1.603251e+03
1944.000000,-1.606850e+03
1945.000000,-1.609788e+03
1946.000000,-1.613123e+03
1947.000000,-1.615988e+03
1948.000000,-1.618727e+03
1949.000000,-1.621152e+03
1950.000000,-1.622340e+03
1951.000000,-1.624151e+03
1952.000000,-1.626117e+03
1953.000000,-1.628904e+03
1954.000000,-1.631270e+03
1955.000000,-1.633232e+03
1956.000000,-1.635527e+03
1957.000000,-1.637145e+03
1958.000000,-1.639487e+03
1959.000000,-1.641545e+03
1960.000000,-1.643600e+03
1961.000000,-1.645355e+03
1962.000000,-1.647347e+03
1963.000000,-1.649178e+03
1964.000000,-1.650943e+03
1965.000000,-1.652783e+03
1966.000000,-1.654071e+03
1967.000000,-1.655351e+03
1968.000000,-1.656759e+03
1969.000000,-1.658219e+03
1970.000000,-1.659200e+03
1971.000000,-1.660517e+03
1972.000000,-1.661870e+03
1973.000000,-1.662926e+03
1974.000000,-1.663443e+03
1975.000000,-1.665067e+03
1976.000000,-1.666116e+03
1977.000000,-1.668044e+03
1978.000000,-1.669086e+03
1979.000000,-1.669428e+03
1980.000000,-1.670173e+03
1981.000000,-1.671185e+03
1982.000000,-1.672557e+03
1983.000000,-1.673782e+03
1984.000000,-1.675160e+03
1985.000000,-1.676773e+03
1986.000000,-1.678183e+03
1987.000000,-1.679413e+03
1988.000000,-1.681027e+03
1989.000000,-1.682708e+03
1990.000000,-1.684456e+03
1991.000000,-1.685358e+03
1992.000000,-1.685993e+03
1993.000000,-1.686615e+03
1994.000000,-1.686929e+03
1995.000000,-1.687530e+03
1996.000000,-1.688049e+03
1997.000000,-1.688600e+03
1998.000000,-1.689342e+03
1999.000000,-1.690123e+03
2000.000000,-1.689901e+03
2001.000000,-1.690697e+03
2002.000000,-1.691708e+03
2003.000000,-1.692287e+03
2004.000000,-1.692987e+03
2005.000000,-1.694253e+03
2006.000000,-1.694578e+03
2007.000000,-1.695303e+03
2008.000000,-1.696367e+03
2009.000000,-1.696479e+03
2010.000000,-1.696761e+03
2011.000000,-1.697666e+03
2012.000000,-1.697385e+03
2013.000000,-1.697427e+03
2014.000000,-1.697727e+03
2015.000000,-1.697495e+03
2016.000000,-1.697865e+03
2017.000000,-1.698503e+03
2018.000000,-1.699412e+03
2019.000000,-1.699885e+03
2020.000000,-1.700409e+03
2021.000000,-1.701256e+03
2022.000000,-1.702497e+03
2023.000000,-1.703493e+03
2024.000000,-1.704665e+03
2025.000000,-1.706472e+03
2026.000000,-1.708323e+03
2027.000000,-1.709487e+03
2028.000000,-1.711677e+03
2029.000000,-1.712787e+03
2030.000000,-1.713814e+03
2031.000000,-1.714119e+03
2032.000000,-1.714957e+03
2033.000000,-1.715422e+03
2034.000000,-1.716211e+03
2035.000000,-1.716776e+03
2036.000000,-1.717077e+03
2037.000000,-1.717762e+03
2038.000000,-1.717974e+03
2039.000000,-1.718864e+03
2040.000000,-1.719227e+03
2041.000000,-1.719223e+03
2042.000000,-1.719224e+03
2043.000000,-1.718911e+03
2044.000000,-1.719809e+03
2045.000000,-1.721178e+03
2046.000000,-1.722336e+03
2047.000000,-1.722750e+03
2048.000000,-1.723125e+03
2049.000000,-1.723735e+03
2050.000000,-1.724772e+03
2051.000000,-1.725131e+03
2052.000000,-1.726025e+03
2053.000000,-1.725834e+03
2054.000000,-1.724895e+03
2055.000000,-1.724994e+03
2056.000000,-1.725346e+03
2057.000000,-1.726393e+03
2058.000000,-1.728136e+03
2059.000000,-1.729518e+03
2060.000000,-1.731046e+03
2061.000000,-1.732498e+03
2062.000000,-1.732600e+03
2063.000000,-1.733085e+03
2064.000000,-1.733626e+03
2065.000000,-1.734458e+03
2066.000000,-1.735221e+03
2067.000000,-1.735561e+03
2068.000000,-1.736281e+03
2069.000000,-1.736934e+03
2070.000000,-1.737993e+03
2071.000000,-1.739340e+03
2072.000000,-1.741280e+03
2073.000000,-1.743476e+03
2074.000000,-1.744944e+03
2075.000000,-1.746220e+03
2076.000000,-1.747959e+03
2077.000000,-1.749214e+03
2078.000000,-1.750474e+03
2079.000000,-1.752569e+03
2080.000000,-1.754108e+03
2081.000000,-1.754910e+03
2082.000000,-1.755629e+03
2083.000000,-1.756832e+03
2084.000000,-1.757415e+03
2085.000000,-1.757488e+03
2086.000000,-1.757628e+03
2087.000000,-1.758166e+03
2088.000000,-1.758923e+03
2089.000000,-1.759675e+03
2090.000000,-1.759926e+03
2091.000000,-1.760138e+03
2092.000000,-1.760155e+03
2093.000000,-1.760284e+03
2094.000000,-1.760171e+03
2095.000000,-1.760292e+03
2096.000000,-1.760194e+03
2097.000000,-1.760173e+03
2098.000000,-1.760990e+03
2099.000000,-1.762184e+03
2100.000000,-1.762092e+03
2101.000000,-1.762490e+03
2102.000000,-1.763758e+03
2103.000000,-1.764609e+03
2104.000000,-1.764782e+03
2105.000000,-1.765284e+03
2106.000000,-1.765797e+03
2107.000000,-1.765617e+03
2108.000000,-1.766345e+03
2109.000000,-1.767005e+03
2110.000000,-1.767132e+03
2111.000000,-1.767035e+03
2112.000000,-1.766780e+03
2113.000000,-1.766339e+03
2114.000000,-1.766151e+03
2115.000000,-1.765926e+03
2116.000000,-1.765993e+03
2117.000000,-1.765952e+03
2118.000000,-1.765839e+03
2119.000000,-1.765616e+03
2120.000000,-1.765140e+03
2121.000000,-1.764760e+03
2122.000000,-1.764675e+03
2123.000000,-1.764939e+03
2124.000000,-1.764843e+03
2125.000000,-1.764655e+03
2126.000000,-1.764188e+03
2127.000000,-1.762932e+03
2128.000000,-1.762653e+03
2129.000000,-1.762056e+03
2130.000000,-1.761167e+03
2131.000000,-1.760529e+03
2132.000000,-1.759167e+03
2133.000000,-1.758878e+03
2134.000000,-1.758585e+03
2135.000000,-1.758759e+03
2136.000000,-1.758778e+03
2137.000000,-1.758440e+03
2138.000000,-1.757798e+03
2139.000000,-1.757267e+03
2140.000000,-1.756433e+03
2141.000000,-1.756145e+03
2142.000000,-1.755887e+03
2143.000000,-1.754515e+03
2144.000000,-1.754129e+03
2145.000000,-1.754464e+03
2146.000000,-1.754962e+03
2147.000000,-1.755509e+03
2148.000000,-1.755344e+03
2149.000000,-1.755606e+03
2150.000000,-1.755751e+03
2151.000000,-1.755934e+03
2152.000000,-1.755914e+03
2153.000000,-1.756574e+03
2154.000000,-1.757355e+03
2155.000000,-1.757556e+03
2156.000000,-1.757514e+03
2157.000000,-1.757629e+03
2158.000000,-1.758178e+03
2159.000000,-1.758261e+03
2160.000000,-1.758859e+03
2161.000000,-1.759442e+03
2162.000000,-1.759992e+03
2163.000000,-1.759557e+03
2164.000000,-1.759190e+03
2165.000000,-1.758803e+03
2166.000000,-1.758078e+03
2167.000000,-1.757017e+03
2168.000000,-1.757914e+03
2169.000000,-1.758814e+03
2170.000000,-1.759733e+03
2171.000000,-1.760832e+03
2172.000000,-1.762002e+03
2173.000000,-1.762883e+03
2174.000000,-1.763960e+03
2175.000000,-1.764359e+03
2176.000000,-1.764675e+03
2177.000000,-1.764759e+03
2178.000000,-1.764754e+03
2179.000000,-1.764751e+03
2180.000000,-1.765042e+03
2181.000000,-1.764499e+03
2182.000000,-1.764865e+03
2183.000000,-1.766325e+03
2184.000000,-1.767651e+03
2185.000000,-1.769158e+03
2186.000000,-1.769880e+03
2187.000000,-1.770479e+03
2188.000000,-1.770988e+03
2189.000000,-1.770473e+03
2190.000000,-1.770441e+03
2191.000000,-1.770580e+03
2192.000000,-1.771511e+03
2193.000000,-1.772591e+03
2194.000000,-1.773267e+03
2195.000000,-1.773973e+03
2196.000000,-1.775452e+03
2197.000000,-1.776305e+03
2198.000000,-1.776963e+03
2199.000000,-1.777713e+03
2200.000000,-1.778672e+03
2201.000000,-1.779472e+03
2202.000000,-1.779995e+03
2203.000000,-1.780259e+03
2204.000000,-1.780180e+03
2205.000000,-1.779901e+03
2206.000000,-1.780171e+03
2207.000000,-1.780520e+03
2208.000000,-1.780450e+03
2209.000000,-1.780268e+03
2210.000000,-1.780398e+03
2211.000000,-1.779991e+03
2212.000000,-1.779380e+03
2213.000000,-1.778610e+03
2214.000000,-1.777834e+03
2215.000000,-1.778238e+03
2216.000000,-1.778535e+03
2217.000000,-1.778909e+03
2218.000000,-1.779460e+03
2219.000000,-1.780384e+03
2220.000000,-1.781661e+03
2221.000000,-1.782374e+03
2222.000000,-1.783316e+03
2223.000000,-1.783974e+03
2224.000000,-1.784946e+03
2225.000000,-1.785967e+03
2226.000000,-1.786337e+03
2227.000000,-1.786538e+03
2228.000000,-1.786381e+03
2229.000000,-1.785596e+03
2230.000000,-1.785585e+03
2231.000000,-1.785780e+03
2232.000000,-1.786747e+03
2233.000000,-1.787805e+03
2234.000000,-1.787826e+03
2235.000000,-1.788811e+03
2236.000000,-1.789962e+03
2237.000000,-1.790711e+03
2238.000000,-1.791472e+03
2239.000000,-1.792532e+03
2240.000000,-1.793285e+03
2241.000000,-1.793454e+03
2242.000000,-1.794450e+03
2243.000000,-1.795683e+03
2244.000000,-1.795979e+03
2245.000000,-1.796424e+03
2246.000000,-1.797464e+03
2247.000000,-1.798955e+03
2248.000000,-1.800083e+03
2249.000000,-1.800753e+03
2250.000000,-1.800936e+03
2251.000000,-1.801935e+03
2252.000000,-1.802609e+03
2253.000000,-1.803089e+03
2254.000000,-1.804641e+03
2255.000000,-1.804992e+03
2256.000000,-1.805963e+03
2257.000000,-1.806350e+03
2258.000000,-1.806596e+03
2259.000000,-1.806531e+03
2260.000000,-1.806855e+03
2261.000000,-1.808428e+03
2262.000000,-1.809423e+03
2263.000000,-1.809895e+03
2264.000000,-1.810336e+03
2265.000000,-1.810422e+03
2266.000000,-1.810329e+03
2267.000000,-1.810379e+03
2268.000000,-1.810942e+03
2269.000000,-1.812224e+03
2270.000000,-1.812950e+03
2271.000000,-1.813271e+03
2272.000000,-1.814035e+03
2273.000000,-1.814098e+03
2274.000000,-1.814001e+03
2275.000000,-1.814444e+03
2276.000000,-1.816206e+03
2277.000000,-1.817167e+03
2278.000000,-1.816708e+03
2279.000000,-1.817098e+03
2280.000000,-1.817942e+03
2281.000000,-1.817430e+03
2282.000000,-1.817064e+03
2283.000000,-1.816227e+03
2284.000000,-1.815578e+03
2285.000000,-1.814829e+03
2286.000000,-1.814004e+03
2287.000000,-1.812897e+03
2288.000000,-1.811138e+03
2289.000000,-1.810020e+03
2290.000000,-1.809975e+03
2291.000000,-1.809166e+03
2292.000000,-1.807908e+03
2293.000000,-1.806652e+03
2294.000000,-1.805978e+03
2295.000000,-1.804732e+03
2296.000000,-1.803436e+03
2297.000000,-1.801729e+03
2298.000000,-1.801483e+03
2299.000000,-1.801475e+03
2300.000000,-1.801517e+03
2301.000000,-1.801767e+03
2302.000000,-1.802354e+03
2303.000000,-1.803631e+03
2304.000000,-1.803859e+03
2305.000000,-1.803507e+03
2306.000000,-1.803168e+03
2307.000000,-1.801799e+03
2308.000000,-1.800944e+03
2309.000000,-1.799647e+03
2310.000000,-1.798645e+03
2311.000000,-1.797474e+03
2312.000000,-1.796426e+03
2313.000000,-1.795024e+03
2314.000000,-1.794111e+03
2315.000000,-1.793119e+03
2316.000000,-1.792200e+03
2317.000000,-1.791524e+03
2318.000000,-1.790462e+03
2319.000000,-1.788709e+03
2320.000000,-1.787906e+03
2321.000000,-1.786939e+03
2322.000000,-1.785662e+03
2323.000000,-1.784564e+03
2324.000000,-1.784237e+03
2325.000000,-1.784959e+03
2326.000000,-1.784781e+03
2327.000000,-1.785391e+03
2328.000000,-1.784596e+03
2329.000000,-1.784076e+03
2330.000000,-1.783399e+03
2331.000000,-1.783554e+03
2332.000000,-1.784007e+03
2333.000000,-1.783689e+03
2334.000000,-1.783330e+03
2335.000000,-1.783023e+03
2336.000000,-1.782208e+03
2337.000000,-1.780211e+03
2338.000000,-1.778828e+03
2339.000000,-1.777492e+03
2340.000000,-1.776280e+03
2341.000000,-1.775035e+03
2342.000000,-1.774713e+03
2343.000000,-1.775299e+03
2344.000000,-1.775184e+03
2345.000000,-1.774654e+03
2346.000000,-1.774769e+03
2347.000000,-1.774635e+03
2348.000000,-1.774491e+03
2349.000000,-1.773412e+03
2350.000000,-1.772499e+03
2351.000000,-1.771691e+03
2352.000000,-1.770994e+03
2353.000000,-1.770671e+03
2354.000000,-1.770456e+03
2355.000000,-1.770942e+03
2356.000000,-1.771785e+03
2357.000000,-1.771572e+03
2358.000000,-1.770951e+03
2359.000000,-1.769793e+03
2360.000000,-1.768364e+03
2361.000000,-1.767071e+03
2362.000000,-1.766866e+03
2363.000000,-1.766477e+03
2364.000000,-1.765533e+03
2365.000000,-1.763695e+03
2366.000000,-1.762258e+03
2367.000000,-1.761245e+03
2368.000000,-1.761091e+03
2369.000000,-1.761294e+03
2370.000000,-1.761026e+03
2371.000000,-1.761503e+03
2372.000000,-1.761751e+03
2373.000000,-1.761849e+03
2374.000000,-1.761382e+03
2375.000000,-1.761862e+03
2376.000000,-1.763268e+03
2377.000000,-1.763637e+03
2378.000000,-1.764331e+03
2379.000000,-1.764774e+03
2380.000000,-1.765250e+03
2381.000000,-1.765782e+03
2382.000000,-1.766037e+03
2383.000000,-1.767212e+03
2384.000000,-1.768049e+03
2385.000000,-1.768405e+03
2386.000000,-1.769320e+03
2387.000000,-1.770594e+03
2388.000000,-1.770921e+03
2389.000000,-1.771000e+03
2390.000000,-1.771725e+03
2391.000000,-1.773255e+03
2392.000000,-1.773948e+03
2393.000000,-1.775433e+03
2394.000000,-1.776302e+03
2395.000000,-1.777596e+03
2396.000000,-1.779039e+03
2397.000000,-1.780136e+03
2398.000000,-1.781067e+03
2399.000000,-1.782051e+03
2400.000000,-1.782545e+03
2401.000000,-1.783306e+03
2402.000000,-1.783570e+03
2403.000000,-1.784168e+03
2404.000000,-1.785329e+03
2405.000000,-1.786738e+03
2406.000000,-1.788445e+03
2407.000000,-1.789424e+03
2408.000000,-1.790707e+03
2409.000000,-1.792775e+03
2410.000000,-1.794144e+03
2411.000000,-1.795358e+03
2412.000000,-1.795646e+03
2413.000000,-1.797118e+03
2414.000000,-1.798450e+03
2415.000000,-1.798583e+03
2416.000000,-1.798542e+03
2417.000000,-1.799389e+03
2418.000000,-1.800284e+03
2419.000000,-1.800852e+03
2420.000000,-1.802589e+03
2421.000000,-1.804130e+03
2422.000000,-1.804726e+03
2423.000000,-1.804399e+03
2424.000000,-1.804639e+03
2425.000000,-1.804583e+03
2426.000000,-1.803919e+03
2427.000000,-1.802890e+03
2428.000000,-1.802941e+03
2429.000000,-1.802834e+03
2430.000000,-1.802148e+03
2431.000000,-1.802708e+03
2432.000000,-1.802531e+03
2433.000000,-1.803075e+03
2434.000000,-1.803315e+03
2435.000000,-1.803693e+03
2436.000000,-1.804396e+03
2437.000000,-1.805021e+03
2438.000000,-1.804995e+03
2439.000000,-1.804569e+03
2440.000000,-1.804527e+03
2441.000000,-1.804395e+03
2442.000000,-1.804096e+03
2443.000000,-1.804273e+03
2444.000000,-1.803726e+03
2445.000000,-1.802894e+03
2446.000000,-1.801458e+03
2447.000000,-1.801251e+03
2448.000000,-1.801255e+03
2449.000000,-1.800806e+03
2450.000000,-1.800420e+03
2451.000000,-1.800684e+03
2452.000000,-1.801000e+03
2453.000000,-1.801057e+03
2454.000000,-1.801685e+03
2455.000000,-1.802234e+03
2456.000000,-1.802555e+03
2457.000000,-1.802651e+03
2458.000000,-1.803584e+03
2459.000000,-1.805282e+03
2460.000000,-1.807127e+03
2461.000000,-1.808710e+03
2462.000000,-1.810167e+03
2463.000000,-1.811113e+03
2464.000000,-1.812326e+03
2465.000000,-1.813289e+03
2466.000000,-1.814106e+03
2467.000000,-1.814543e+03
2468.000000,-1.814119e+03
2469.000000,-1.813847e+03
2470.000000,-1.813893e+03
2471.000000,-1.814172e+03
2472.000000,-1.814415e+03
2473.000000,-1.814296e+03
2474.000000,-1.814104e+03
2475.000000,-1.814493e+03
2476.000000,-1.814667e+03
2477.000000,-1.815505e+03
2478.000000,-1.815365e+03
2479.000000,-1.814808e+03
2480.000000,-1.814457e+03
2481.000000,-1.813358e+03
2482.000000,-1.813214e+03
2483.000000,-1.812749e+03
2484.000000,-1.812303e+03
2485.000000,-1.811855e+03
2486.000000,-1.811324e+03
2487.000000,-1.810576e+03
2488.000000,-1.809381e+03
2489.000000,-1.807951e+03
2490.000000,-1.807018e+03
2491.000000,-1.805911e+03
2492.000000,-1.805328e+03
2493.000000,-1.804267e+03
2494.000000,-1.803626e+03
2495.000000,-1.802185e+03
2496.000000,-1.800297e+03
2497.000000,-1.799516e+03
2498.000000,-1.799683e+03
2499.000000,-1.799126e+03
2500.000000,-1.797652e+03
2501.000000,-1.796280e+03
2502.000000,-1.794937e+03
2503.000000,-1.793244e+03
2504.000000,-1.791628e+03
2505.000000,-1.789697e+03
2506.000000,-1.787800e+03
2507.000000,-1.785746e+03
2508.000000,-1.784181e+03
2509.000000,-1.782583e+03
2510.000000,-1.781545e+03
2511.000000,-1.780599e+03
2512.000000,-1.778768e+03
2513.000000,-1.777437e+03
2514.000000,-1.776018e+03
2515.000000,-1.774951e+03
2516.000000,-1.774232e+03
2517.000000,-1.773238e+03
2518.000000,-1.771678e+03
2519.000000,-1.770581e+03
2520.000000,-1.770453e+03
2521.000000,-1.769714e+03
2522.000000,-1.768138e+03
2523.000000,-1.767387e+03
2524.000000,-1.767198e+03
2525.000000,-1.765561e+03
2526.000000,-1.764259e+03
2527.000000,-1.763369e+03
2528.000000,-1.762571e+03
2529.000000,-1.761261e+03
2530.000000,-1.760461e+03
2531.000000,-1.759062e+03
2532.000000,-1.757865e+03
2533.000000,-1.756878e+03
2534.000000,-1.756016e+03
2535.000000,-1.755295e+03
2536.000000,-1.754236e+03
2537.000000,-1.754021e+03
2538.000000,-1.754124e+03
2539.000000,-1.753274e+03
2540.000000,-1.752261e+03
2541.000000,-1.751289e+03
2542.000000,-1.750407e+03
2543.000000,-1.749806e+03
2544.000000,-1.748861e+03
2545.000000,-1.748267e+03
2546.000000,-1.747942e+03
2547.000000,-1.747464e+03
2548.000000,-1.746242e+03
2549.000000,-1.746446e+03
2550.000000,-1.746103e+03
2551.000000,-1.746543e+03
2552.000000,-1.746487e+03
2553.000000,-1.746565e+03
2554.000000,-1.747211e+03
2555.000000,-1.746857e+03
2556.000000,-1.746691e+03
2557.000000,-1.746985e+03
2558.000000,-1.745897e+03
2559.000000,-1.744214e+03
2560.000000,-1.742413e+03
2561.000000,-1.741037e+03
2562.000000,-1.739740e+03
2563.000000,-1.737860e+03
2564.000000,-1.735797e+03
2565.000000,-1.734116e+03
2566.000000,-1.733374e+03
2567.000000,-1.732311e+03
2568.000000,-1.731226e+03
2569.000000,-1.730926e+03
2570.000000,-1.729585e+03
2571.000000,-1.727351e+03
2572.000000,-1.725636e+03
2573.000000,-1.723754e+03
2574.000000,-1.722474e+03
2575.000000,-1.721441e+03
2576.000000,-1.720367e+03
2577.000000,-1.719816e+03
2578.000000,-1.719257e+03
2579.000000,-1.717699e+03
2580.000000,-1.716077e+03
2581.000000,-1.715339e+03
2582.000000,-1.713954e+03
2583.000000,-1.712874e+03
2584.000000,-1.711646e+03
2585.000000,-1.710276e+03
2586.000000,-1.708710e+03
2587.000000,-1.707416e+03
2588.000000,-1.705690e+03
2589.000000,-1.704371e+03
2590.000000,-1.703108e+03
2591.000000,-1.702312e+03
2592.000000,-1.700465e+03
2593.000000,-1.699240e+03
2594.000000,-1.698258e+03
2595.000000,-1.698307e+03
2596.000000,-1.698113e+03
2597.000000,-1.697067e+03
2598.000000,-1.696471e+03
2599.000000,-1.696714e+03
2600.000000,-1.695903e+03
2601.000000,-1.695479e+03
2602.000000,-1.694382e+03
2603.000000,-1.693821e+03
2604.000000,-1.693230e+03
2605.000000,-1.692404e+03
2606.000000,-1.692524e+03
2607.000000,-1.692835e+03
2608.000000,-1.692828e+03
2609.000000,-1.692512e+03
2610.000000,-1.693138e+03
2611.000000,-1.693919e+03
2612.000000,-1.693749e+03
2613.000000,-1.694050e+03
2614.000000,-1.694432e+03
2615.000000,-1.695338e+03
2616.000000,-1.695720e+03
2617.000000,-1.695583e+03
2618.000000,-1.695000e+03
2619.000000,-1.694880e+03
2620.000000,-1.693900e+03
2621.000000,-1.693755e+03
2622.000000,-1.693588e+03
2623.000000,-1.692509e+03
2624.000000,-1.691901e+03
2625.000000,-1.691643e+03
2626.000000,-1.691147e+03
2627.000000,-1.689959e+03
2628.000000,-1.688779e+03
2629.000000,-1.688585e+03
2630.000000,-1.688242e+03
2631.000000,-1.687902e+03
2632.000000,-1.687966e+03
2633.000000,-1.687648e+03
2634.000000,-1.687130e+03
2635.000000,-1.686078e+03
2636.000000,-1.685013e+03
2637.000000,-1.684636e+03
2638.000000,-1.684289e+03
2639.000000,-1.683674e+03
2640.000000,-1.683512e+03
2641.000000,-1.682998e+03
2642.000000,-1.682784e+03
2643.000000,-1.683000e+03
2644.000000,-1.683084e+03
2645.000000,-1.682173e+03
2646.000000,-1.681664e+03
2647.000000,-1.680577e+03
2648.000000,-1.680278e+03
2649.000000,-1.679695e+03
2650.000000,-1.678432e+03
2651.000000,-1.678694e+03
2652.000000,-1.679419e+03
2653.000000,-1.679014e+03
2654.000000,-1.679332e+03
2655.000000,-1.679491e+03
2656.000000,-1.679835e+03
2657.000000,-1.679952e+03
2658.000000,-1.680524e+03
2659.000000,-1.680832e+03
2660.000000,-1.680939e+03
2661.000000,-1.681666e+03
2662.000000,-1.682354e+03
2663.000000,-1.682951e+03
2664.000000,-1.683917e+03
2665.000000,-1.684433e+03
2666.000000,-1.684627e+03
2667.000000,-1.684943e+03
2668.000000,-1.685156e+03
2669.000000,-1.685215e+03
2670.000000,-1.685375e+03
2671.000000,-1.684868e+03
2672.000000,-1.684018e+03
2673.000000,-1.683867e+03
2674.000000,-1.683444e+03
2675.000000,-1.683230e+03
2676.000000,-1.682722e+03
2677.000000,-1.681740e+03
2678.000000,-1.681315e+03
2679.000000,-1.681851e+03
2680.000000,-1.681540e+03
2681.000000,-1.680874e+03
2682.000000,-1.680773e+03
2683.000000,-1.680415e+03
2684.000000,-1.680873e+03
2685.000000,-1.681779e+03
2686.000000,-1.682191e+03
2687.000000,-1.683266e+03
2688.000000,-1.683707e+03
2689.000000,-1.683598e+03
2690.000000,-1.684752e+03
2691.000000,-1.685788e+03
2692.000000,-1.686551e+03
2693.000000,-1.686778e+03
2694.000000,-1.686824e+03
2695.000000,-1.686036e+03
2696.000000,-1.685287e+03
2697.000000,-1.684774e+03
2698.000000,-1.684439e+03
2699.000000,-1.684132e+03
2700.000000,-1.684272e+03
2701.000000,-1.683864e+03
2702.000000,-1.684074e+03
2703.000000,-1.683528e+03
2704.000000,-1.682776e+03
2705.000000,-1.682511e+03
2706.000000,-1.682519e+03
2707.000000,-1.682584e+03
2708.000000,-1.683889e+03
2709.000000,-1.684041e+03
2710.000000,-1.684143e+03
2711.000000,-1.684166e+03
2712.000000,-1.683882e+03
2713.000000,-1.683969e+03
2714.000000,-1.684503e+03
2715.000000,-1.684647e+03
2716.000000,-1.684601e+03
2717.000000,-1.684484e+03
2718.000000,-1.684274e+03
2719.000000,-1.683805e+03
2720.000000,-1.684149e+03
2721.000000,-1.684039e+03
2722.000000,-1.683588e+03
2723.000000,-1.684315e+03
2724.000000,-1.684468e+03
2725.000000,-1.684857e+03
2726.000000,-1.685215e+03
2727.000000,-1.685720e+03
2728.000000,-1.685796e+03
2729.000000,-1.685137e+03
2730.000000,-1.685703e+03
2731.000000,-1.686410e+03
2732.000000,-1.686956e+03
2733.000000,-1.686272e+03
2734.000000,-1.686277e+03
2735.000000,-1.686214e+03
2736.000000,-1.686273e+03
2737.000000,-1.686470e+03
2738.000000,-1.686130e+03
2739.000000,-1.684572e+03
2740.000000,-1.683423e+03
2741.000000,-1.683268e+03
2742.000000,-1.682743e+03
2743.000000,-1.682862e+03
2744.000000,-1.683281e+03
2745.000000,-1.682475e+03
2746.000000,-1.681398e+03
2747.000000,-1.680428e+03
2748.000000,-1.680117e+03
2749.000000,-1.679746e+03
2750.000000,-1.679023e+03
2751.000000,-1.678497e+03
2752.000000,-1.678439e+03
2753.000000,-1.678877e+03
2754.000000,-1.678566e+03
2755.000000,-1.677833e+03
2756.000000,-1.677878e+03
2757.000000,-1.677238e+03
2758.000000,-1.676580e+03
2759.000000,-1.675766e+03
2760.000000,-1.675019e+03
2761.000000,-1.675062e+03
2762.000000,-1.675575e+03
2763.000000,-1.675591e+03
2764.000000,-1.674995e+03
2765.000000,-1.674900e+03
2766.000000,-1.674957e+03
2767.000000,-1.675203e+03
2768.000000,-1.673896e+03
2769.000000,-1.672664e+03
2770.000000,-1.671427e+03
2771.000000,-1.670108e+03
2772.000000,-1.669017e+03
2773.000000,-1.668306e+03
2774.000000,-1.667609e+03
2775.000000,-1.666814e+03
2776.000000,-1.664807e+03
2777.000000,-1.663596e+03
2778.000000,-1.662935e+03
2779.000000,-1.662062e+03
2780.000000,-1.661653e+03
2781.000000,-1.660363e+03
2782.000000,-1.659781e+03
2783.000000,-1.658784e+03
2784.000000,-1.657520e+03
2785.000000,-1.656572e+03
2786.000000,-1.655840e+03
2787.000000,-1.655231e+03
2788.000000,-1.654726e+03
2789.000000,-1.654460e+03
2790.000000,-1.654056e+03
2791.000000,-1.652908e+03
2792.000000,-1.652376e+03
2793.000000,-1.652215e+03
2794.000000,-1.651861e+03
2795.000000,-1.650794e+03
2796.000000,-1.649803e+03
2797.000000,-1.648952e+03
2798.000000,-1.648454e+03
2799.000000,-1.647766e+03
2800.000000,-1.647560e+03
2801.000000,-1.647212e+03
2802.000000,-1.646340e+03
2803.000000,-1.645602e+03
2804.000000,-1.645710e+03
2805.000000,-1.645871e+03
2806.000000,-1.645552e+03
2807.000000,-1.644739e+03
2808.000000,-1.645341e+03
2809.000000,-1.645372e+03
2810.000000,-1.645994e+03
2811.000000,-1.646390e+03
2812.000000,-1.646610e+03
2813.000000,-1.646821e+03
2814.000000,-1.647018e+03
2815.000000,-1.646986e+03
2816.000000,-1.647157e+03
2817.000000,-1.647552e+03
2818.000000,-1.646948e+03
2819.000000,-1.646154e+03
2820.000000,-1.645416e+03
2821.000000,-1.645575e+03
2822.000000,-1.645035e+03
2823.000000,-1.644283e+03
2824.000000,-1.644127e+03
2825.000000,-1.643522e+03
2826.000000,-1.642704e+03
2827.000000,-1.640944e+03
2828.000000,-1.639193e+03
2829.000000,-1.638739e+03
2830.000000,-1.636903e+03
2831.000000,-1.636210e+03
2832.000000,-1.634920e+03
2833.000000,-1.633664e+03
2834.000000,-1.633206e+03
2835.000000,-1.632257e+03
2836.000000,-1.631438e+03
2837.000000,-1.630359e+03
2838.000000,-1.629309e+03
2839.000000,-1.627922e+03
2840.000000,-1.626987e+03
2841.000000,-1.626165e+03
2842.000000,-1.624870e+03
2843.000000,-1.623771e+03
2844.000000,-1.622799e+03
2845.000000,-1.622531e+03
2846.000000,-1.622541e+03
2847.000000,-1.622364e+03
2848.000000,-1.622048e+03
2849.000000,-1.621029e+03
2850.000000,-1.619834e+03
2851.000000,-1.618966e+03
2852.000000,-1.617474e+03
2853.000000,-1.616007e+03
2854.000000,-1.615151e+03
2855.000000,-1.614748e+03
2856.000000,-1.613552e+03
2857.000000,-1.612996e+03
2858.000000,-1.612590e+03
2859.000000,-1.612498e+03
2860.000000,-1.612783e+03
2861.000000,-1.613227e+03
2862.000000,-1.612852e+03
2863.000000,-1.612703e+03
2864.000000,-1.611218e+03
2865.000000,-1.611331e+03
2866.000000,-1.611700e+03
2867.000000,-1.611277e+03
2868.000000,-1.610452e+03
2869.000000,-1.610254e+03
2870.000000,-1.610208e+03
2871.000000,-1.611267e+03
2872.000000,-1.612121e+03
2873.000000,-1.613215e+03
2874.000000,-1.614625e+03
2875.000000,-1.615357e+03
2876.000000,-1.616918e+03
2877.000000,-1.618093e+03
2878.000000,-1.618772e+03
2879.000000,-1.619303e+03
2880.000000,-1.619157e+03
2881.000000,-1.618791e+03
2882.000000,-1.618070e+03
2883.000000,-1.617284e+03
2884.000000,-1.616388e+03
2885.000000,-1.615959e+03
2886.000000,-1.615496e+03
2887.000000,-1.614999e+03
2888.000000,-1.614751e+03
2889.000000,-1.614814e+03
2890.000000,-1.614962e+03
2891.000000,-1.615277e+03
2892.000000,-1.615137e+03
2893.000000,-1.615205e+03
2894.000000,-1.615569e+03
2895.000000,-1.615994e+03
2896.000000,-1.616507e+03
2897.000000,-1.616117e+03
2898.000000,-1.616009e+03
2899.000000,-1.616250e+03
2900.000000,-1.615900e+03
2901.000000,-1.616090e+03
2902.000000,-1.616566e+03
2903.000000,-1.616099e+03
2904.000000,-1.616112e+03
2905.000000,-1.616074e+03
2906.000000,-1.615726e+03
2907.000000,-1.614906e+03
2908.000000,-1.614559e+03
2909.000000,-1.614679e+03
2910.000000,-1.614138e+03
2911.000000,-1.613761e+03
2912.000000,-1.612501e+03
2913.000000,-1.612022e+03
2914.000000,-1.612424e+03
2915.000000,-1.611648e+03
2916.000000,-1.609973e+03
2917.000000,-1.608299e+03
2918.000000,-1.606746e+03
2919.000000,-1.606395e+03
2920.000000,-1.605596e+03
2921.000000,-1.605444e+03
2922.000000,-1.605158e+03
2923.000000,-1.605472e+03
2924.000000,-1.605615e+03
2925.000000,-1.605599e+03
2926.000000,-1.604880e+03
2927.000000,-1.604125e+03
2928.000000,-1.603730e+03
2929.000000,-1.604035e+03
2930.000000,-1.604016e+03
2931.000000,-1.603988e+03
2932.000000,-1.603225e+03
2933.000000,-1.602243e+03
2934.000000,-1.601481e+03
2935.000000,-1.601719e+03
2936.000000,-1.602927e+03
2937.000000,-1.603622e+03
2938.000000,-1.602896e+03
2939.000000,-1.602659e+03
2940.000000,-1.602417e+03
2941.000000,-1.601095e+03
2942.000000,-1.599828e+03
2943.000000,-1.599125e+03
2944.000000,-1.598625e+03
2945.000000,-1.598039e+03
2946.000000,-1.597176e+03
2947.000000,-1.595737e+03
2948.000000,-1.594723e+03
2949.000000,-1.593679e+03
2950.000000,-1.592661e+03
2951.000000,-1.592651e+03
2952.000000,-1.592158e+03
2953.000000,-1.592283e+03
2954.000000,-1.593502e+03
2955.000000,-1.594624e+03
2956.000000,-1.595080e+03
2957.000000,-1.594684e+03
2958.000000,-1.594240e+03
2959.000000,-1.593601e+03
2960.000000,-1.592344e+03
2961.000000,-1.592310e+03
2962.000000,-1.591915e+03
2963.000000,-1.591382e+03
2964.000000,-1.591224e+03
2965.000000,-1.590856e+03
2966.000000,-1.590905e+03
2967.000000,-1.589775e+03
2968.000000,-1.589118e+03
2969.000000,-1.587461e+03
2970.000000,-1.586446e+03
2971.000000,-1.585174e+03
2972.000000,-1.584340e+03
2973.000000,-1.583632e+03
2974.000000,-1.583140e+03
2975.000000,-1.582368e+03
2976.000000,-1.581523e+03
2977.000000,-1.581063e+03
2978.000000,-1.580348e+03
2979.000000,-1.579545e+03
2980.000000,-1.577571e+03
2981.000000,-1.576314e+03
2982.000000,-1.574600e+03
2983.000000,-1.573554e+03
2984.000000,-1.572554e+03
2985.000000,-1.572150e+03
2986.000000,-1.571375e+03
2987.000000,-1.570072e+03
2988.000000,-1.568111e+03
2989.000000,-1.566485e+03
2990.000000,-1.564428e+03
2991.000000,-1.562530e+03
2992.000000,-1.560354e+03
2993.000000,-1.558740e+03
2994.000000,-1.556417e+03
2995.000000,-1.555289e+03
2996.000000,-1.554531e+03
2997.000000,-1.553779e+03
2998.000000,-1.551588e+03
2999.000000,-1.549882e+03
3000.000000,-1.548671e+03
3001.000000,-1.546904e+03
3002.000000,-1.545291e+03
3003.000000,-1.543462e+03
3004.000000,-1.543139e+03
3005.000000,-1.542593e+03
3006.000000,-1.542206e+03
3007.000000,-1.542305e+03
3008.000000,-1.541189e+03
3009.000000,-1.540336e+03
3010.000000,-1.538971e+03
3011.000000,-1.537002e+03
3012.000000,-1.536159e+03
3013.000000,-1.535531e+03
3014.000000,-1.534690e+03
3015.000000,-1.533587e+03
3016.000000,-1.533151e+03
3017.000000,-1.532788e+03
3018.000000,-1.531804e+03
3019.000000,-1.531219e+03
3020.000000,-1.531708e+03
3021.000000,-1.531834e+03
3022.000000,-1.530780e+03
3023.000000,-1.530097e+03
3024.000000,-1.529947e+03
3025.000000,-1.529620e+03
3026.000000,-1.529166e+03
3027.000000,-1.528532e+03
3028.000000,-1.528749e+03
3029.000000,-1.528793e+03
3030.000000,-1.528320e+03
3031.000000,-1.527867e+03
3032.000000,-1.527205e+03
3033.000000,-1.527146e+03
3034.000000,-1.526415e+03
3035.000000,-1.525274e+03
3036.000000,-1.524367e+03
3037.000000,-1.523683e+03
3038.000000,-1.523197e+03
3039.000000,-1.523015e+03
3040.000000,-1.522468e+03
3041.000000,-1.521385e+03
3042.000000,-1.520879e+03
3043.000000,-1.520779e+03
3044.000000,-1.520507e+03
3045.000000,-1.519908e+03
3046.000000,-1.519401e+03
3047.000000,-1.518481e+03
3048.000000,-1.517409e+03
3049.000000,-1.516122e+03
3050.000000,-1.514640e+03
3051.000000,-1.513517e+03
3052.000000,-1.513364e+03
3053.000000,-1.513373e+03
3054.000000,-1.513117e+03
3055.000000,-1.513056e+03
3056.000000,-1.513275e+03
3057.000000,-1.513216e+03
3058.000000,-1.513077e+03
3059.000000,-1.512911e+03
3060.000000,-1.512384e+03
3061.000000,-1.511120e+03
3062.000000,-1.509959e+03
3063.000000,-1.507967e+03
3064.000000,-1.506871e+03
3065.000000,-1.506130e+03
3066.000000,-1.505283e+03
3067.000000,-1.504304e+03
3068.000000,-1.503126e+03
3069.000000,-1.501418e+03
3070.000000,-1.500831e+03
3071.000000,-1.499798e+03
3072.000000,-1.499119e+03
3073.000000,-1.499172e+03
3074.000000,-1.498327e+03
3075.000000,-1.497320e+03
3076.000000,-1.497237e+03
3077.000000,-1.497100e+03
3078.000000,-1.497687e+03
3079.000000,-1.498058e+03
3080.000000,-1.497475e+03
3081.000000,-1.497433e+03
3082.000000,-1.497658e+03
3083.000000,-1.497366e+03
3084.000000,-1.497287e+03
3085.000000,-1.497130e+03
3086.000000,-1.496521e+03
3087.000000,-1.496607e+03
3088.000000,-1.496545e+03
3089.000000,-1.495871e+03
3090.000000,-1.494662e+03
3091.000000,-1.493336e+03
3092.000000,-1.492680e+03
3093.000000,-1.491528e+03
3094.000000,-1.490849e+03
3095.000000,-1.489295e+03
3096.000000,-1.488693e+03
3097.000000,-1.487290e+03
3098.000000,-1.486422e+03
3099.000000,-1.484612e+03
3100.000000,-1.483376e+03
3101.000000,-1.482927e+03
3102.000000,-1.482285e+03
3103.000000,-1.481033e+03
3104.000000,-1.479633e+03
3105.000000,-1.478702e+03
3106.000000,-1.477772e+03
3107.000000,-1.476612e+03
3108.000000,-1.475805e+03
3109.000000,-1.475635e+03
3110.000000,-1.475237e+03
3111.000000,-1.474215e+03
3112.000000,-1.472594e+03
3113.000000,-1.470742e+03
3114.000000,-1.469274e+03
3115.000000,-1.468113e+03
3116.000000,-1.466963e+03
3117.000000,-1.466475e+03
3118.000000,-1.465966e+03
3119.000000,-1.465781e+03
3120.000000,-1.465714e+03
3121.000000,-1.464936e+03
3122.000000,-1.464030e+03
3123.000000,-1.462860e+03
3124.000000,-1.461709e+03
3125.000000,-1.460676e+03
3126.000000,-1.459576e+03
3127.000000,-1.458721e+03
3128.000000,-1.457795e+03
3129.000000,-1.457292e+03
3130.000000,-1.456379e+03
3131.000000,-1.455367e+03
3132.000000,-1.454896e+03
3133.000000,-1.454246e+03
3134.000000,-1.453834e+03
3135.000000,-1.453392e+03
3136.000000,-1.452962e+03
3137.000000,-1.451406e+03
3138.000000,-1.449701e+03
3139.000000,-1.448048e+03
3140.000000,-1.445874e+03
3141.000000,-1.444357e+03
3142.000000,-1.441800e+03
3143.000000,-1.440513e+03
3144.000000,-1.439327e+03
3145.000000,-1.438413e+03
3146.000000,-1.437211e+03
3147.000000,-1.435825e+03
3148.000000,-1.434731e+03
3149.000000,-1.433010e+03
3150.000000,-1.431921e+03
3151.000000,-1.431074e+03
3152.000000,-1.430746e+03
3153.000000,-1.430026e+03
3154.000000,-1.429533e+03
3155.000000,-1.429305e+03
3156.000000,-1.428985e+03
3157.000000,-1.427391e+03
3158.000000,-1.426990e+03
3159.000000,-1.427296e+03
3160.000000,-1.427337e+03
3161.000000,-1.427014e+03
3162.000000,-1.426364e+03
3163.000000,-1.425670e+03
3164.000000,-1.425036e+03
3165.000000,-1.424981e+03
3166.000000,-1.424725e+03
3167.000000,-1.424996e+03
3168.000000,-1.425278e+03
3169.000000,-1.425678e+03
3170.000000,-1.426016e+03
3171.000000,-1.425337e+03
3172.000000,-1.424605e+03
3173.000000,-1.423815e+03
3174.000000,-1.423403e+03
3175.000000,-1.422936e+03
3176.000000,-1.423416e+03
3177.000000,-1.422985e+03
3178.000000,-1.422703e+03
3179.000000,-1.422349e+03
3180.000000,-1.422247e+03
3181.000000,-1.422891e+03
3182.000000,-1.423853e+03
3183.000000,-1.424470e+03
3184.000000,-1.424501e+03
3185.000000,-1.424566e+03
3186.000000,-1.425553e+03
3187.000000,-1.426549e+03
3188.000000,-1.427443e+03
3189.000000,-1.428255e+03
3190.000000,-1.429483e+03
3191.000000,-1.430738e+03
3192.000000,-1.431627e+03
3193.000000,-1.432075e+03
3194.000000,-1.432857e+03
3195.000000,-1.433096e+03
3196.000000,-1.432819e+03
3197.000000,-1.433356e+03
3198.000000,-1.433415e+03
3199.000000,-1.432895e+03
3200.000000,-1.432868e+03
3201.000000,-1.432819e+03
3202.000000,-1.432046e+03
3203.000000,-1.431667e+03
3204.000000,-1.430758e+03
3205.000000,-1.430085e+03
3206.000000,-1.429723e+03
3207.000000,-1.429049e+03
3208.000000,-1.428354e+03
3209.000000,-1.427466e+03
3210.000000,-1.427193e+03
3211.000000,-1.426779e+03
3212.000000,-1.426333e+03
3213.000000,-1.425649e+03
3214.000000,-1.425528e+03
3215.000000,-1.424635e+03
3216.000000,-1.423919e+03
3217.000000,-1.423803e+03
3218.000000,-1.422572e+03
3219.000000,-1.420799e+03
3220.000000,-1.419518e+03
3221.000000,-1.418342e+03
3222.000000,-1.418010e+03
3223.000000,-1.418692e+03
3224.000000,-1.419543e+03
3225.000000,-1.419594e+03
3226.000000,-1.419898e+03
3227.000000,-1.420315e+03
3228.000000,-1.420317e+03
3229.000000,-1.420062e+03
3230.000000,-1.420561e+03
3231.000000,-1.420577e+03
3232.000000,-1.419779e+03
3233.000000,-1.419816e+03
3234.000000,-1.419181e+03
3235.000000,-1.418908e+03
3236.000000,-1.418178e+03
3237.000000,-1.417139e+03
3238.000000,-1.416216e+03
3239.000000,-1.415397e+03
3240.000000,-1.415383e+03
3241.000000,-1.414672e+03
3242.000000,-1.414643e+03
3243.000000,-1.414263e+03
3244.000000,-1.413818e+03
3245.000000,-1.413324e+03
3246.000000,-1.412990e+03
3247.000000,-1.413244e+03
3248.000000,-1.413659e+03
3249.000000,-1.413154e+03
3250.000000,-1.412741e+03
3251.000000,-1.412019e+03
3252.000000,-1.411867e+03
3253.000000,-1.412268e+03
3254.000000,-1.411824e+03
3255.000000,-1.411782e+03
3256.000000,-1.411569e+03
3257.000000,-1.411622e+03
3258.000000,-1.410921e+03
3259.000000,-1.411184e+03
3260.000000,-1.411385e+03
3261.000000,-1.411449e+03
3262.000000,-1.411933e+03
3263.000000,-1.411785e+03
3264.000000,-1.411159e+03
3265.000000,-1.411385e+03
3266.000000,-1.411628e+03
3267.000000,-1.413099e+03
3268.000000,-1.413624e+03
3269.000000,-1.414119e+03
3270.000000,-1.414708e+03
3271.000000,-1.414568e+03
3272.000000,-1.414944e+03
3273.000000,-1.415401e+03
3274.000000,-1.416079e+03
3275.000000,-1.417422e+03
3276.000000,-1.418388e+03
3277.000000,-1.418544e+03
3278.000000,-1.419752e+03
3279.000000,-1.420417e+03
3280.000000,-1.420592e+03
3281.000000,-1.419745e+03
3282.000000,-1.419187e+03
3283.000000,-1.419113e+03
3284.000000,-1.418433e+03
3285.000000,-1.418442e+03
3286.000000,-1.417966e+03
3287.000000,-1.418288e+03
3288.000000,-1.417806e+03
3289.000000,-1.417860e+03
3290.000000,-1.418224e+03
3291.000000,-1.418206e+03
3292.000000,-1.417932e+03
3293.000000,-1.417836e+03
3294.000000,-1.417336e+03
3295.000000,-1.417130e+03
3296.000000,-1.416424e+03
3297.000000,-1.415695e+03
3298.000000,-1.415162e+03
3299.000000,-1.414701e+03
3300.000000,-1.413873e+03
3301.000000,-1.412619e+03
3302.000000,-1.410630e+03
3303.000000,-1.408946e+03
3304.000000,-1.407163e+03
3305.000000,-1.404645e+03
3306.000000,-1.403223e+03
3307.000000,-1.402091e+03
3308.000000,-1.401126e+03
3309.000000,-1.400984e+03
3310.000000,-1.400778e+03
3311.000000,-1.400531e+03
3312.000000,-1.399831e+03
3313.000000,-1.399375e+03
3314.000000,-1.398760e+03
3315.000000,-1.397732e+03
3316.000000,-1.396837e+03
3317.000000,-1.396466e+03
3318.000000,-1.396326e+03
3319.000000,-1.395511e+03
3320.000000,-1.394944e+03
3321.000000,-1.395394e+03
3322.000000,-1.395410e+03
3323.000000,-1.395093e+03
3324.000000,-1.394451e+03
3325.000000,-1.393753e+03
3326.000000,-1.393352e+03
3327.000000,-1.392970e+03
3328.000000,-1.392943e+03
3329.000000,-1.393337e+03
3330.000000,-1.393674e+03
3331.000000,-1.393953e+03
3332.000000,-1.394419e+03
3333.000000,-1.395649e+03
3334.000000,-1.396338e+03
3335.000000,-1.396758e+03
3336.000000,-1.397287e+03
3337.000000,-1.397784e+03
3338.000000,-1.398081e+03
3339.000000,-1.399057e+03
3340.000000,-1.400259e+03
3341.000000,-1.400798e+03
3342.000000,-1.400650e+03
3343.000000,-1.400051e+03
3344.000000,-1.399940e+03
3345.000000,-1.400840e+03
3346.000000,-1.401350e+03
3347.000000,-1.401610e+03
3348.000000,-1.401873e+03
3349.000000,-1.402100e+03
3350.000000,-1.402914e+03
3351.000000,-1.403415e+03
3352.000000,-1.403737e+03
3353.000000,-1.404059e+03
3354.000000,-1.405162e+03
3355.000000,-1.406435e+03
3356.000000,-1.408673e+03
3357.000000,-1.410188e+03
3358.000000,-1.411553e+03
3359.000000,-1.413045e+03
3360.000000,-1.414046e+03
3361.000000,-1.415211e+03
3362.000000,-1.417185e+03
3363.000000,-1.418270e+03
3364.000000,-1.419587e+03
3365.000000,-1.420429e+03
3366.000000,-1.421837e+03
3367.000000,-1.422773e+03
3368.000000,-1.423702e+03
3369.000000,-1.424409e+03
3370.000000,-1.425207e+03
3371.000000,-1.426315e+03
3372.000000,-1.428033e+03
3373.000000,-1.429757e+03
3374.000000,-1.431008e+03
3375.000000,-1.431921e+03
3376.000000,-1.432913e+03
3377.000000,-1.433410e+03
3378.000000,-1.434225e+03
3379.000000,-1.435311e+03
3380.000000,-1.436044e+03
3381.000000,-1.436443e+03
3382.000000,-1.436623e+03
3383.000000,-1.436259e+03
3384.000000,-1.436902e+03
3385.000000,-1.437468e+03
3386.000000,-1.437895e+03
3387.000000,-1.438614e+03
3388.000000,-1.439726e+03
3389.000000,-1.441359e+03
3390.000000,-1.442706e+03
3391.000000,-1.444307e+03
3392.000000,-1.446157e+03
3393.000000,-1.447592e+03
3394.000000,-1.448903e+03
3395.000000,-1.449435e+03
3396.000000,-1.449905e+03
3397.000000,-1.450975e+03
3398.000000,-1.451942e+03
3399.000000,-1.453444e+03
3400.000000,-1.454323e+03
3401.000000,-1.454614e+03
3402.000000,-1.454687e+03
3403.000000,-1.455259e+03
3404.000000,-1.455304e+03
3405.000000,-1.456316e+03
3406.000000,-1.457195e+03
3407.000000,-1.457083e+03
3408.000000,-1.456479e+03
3409.000000,-1.456391e+03
3410.000000,-1.456817e+03
3411.000000,-1.458267e+03
3412.000000,-1.459658e+03
3413.000000,-1.460074e+03
3414.000000,-1.460514e+03
3415.000000,-1.461099e+03
3416.000000,-1.461077e+03
3417.000000,-1.460770e+03
3418.000000,-1.460010e+03
3419.000000,-1.459385e+03
3420.000000,-1.458327e+03
3421.000000,-1.457689e+03
3422.000000,-1.457048e+03
3423.000000,-1.455949e+03
3424.000000,-1.455370e+03
3425.000000,-1.453342e+03
3426.000000,-1.452110e+03
3427.000000,-1.450989e+03
3428.000000,-1.449741e+03
3429.000000,-1.448006e+03
3430.000000,-1.446861e+03
3431.000000,-1.446713e+03
3432.000000,-1.445578e+03
3433.000000,-1.445052e+03
3434.000000,-1.444552e+03
3435.000000,-1.444532e+03
3436.000000,-1.443871e+03
3437.000000,-1.443512e+03
3438.000000,-1.442829e+03
3439.000000,-1.442035e+03
3440.000000,-1.440231e+03
3441.000000,-1.438362e+03
3442.000000,-1.437361e+03
3443.000000,-1.436549e+03
3444.000000,-1.435905e+03
3445.000000,-1.434769e+03
3446.000000,-1.434206e+03
3447.000000,-1.433714e+03
3448.000000,-1.432740e+03
3449.000000,-1.432338e+03
3450.000000,-1.431886e+03
3451.000000,-1.431896e+03
3452.000000,-1.430855e+03
3453.000000,-1.429155e+03
3454.000000,-1.427859e+03
3455.000000,-1.426506e+03
3456.000000,-1.426149e+03
3457.000000,-1.425621e+03
3458.000000,-1.425562e+03
3459.000000,-1.425250e+03
3460.000000,-1.424542e+03
3461.000000,-1.424213e+03
3462.000000,-1.424609e+03
3463.000000,-1.425046e+03
3464.000000,-1.425304e+03
3465.000000,-1.424544e+03
3466.000000,-1.422933e+03
3467.000000,-1.421673e+03
3468.000000,-1.421676e+03
3469.000000,-1.420498e+03
3470.000000,-1.419516e+03
3471.000000,-1.419580e+03
3472.000000,-1.419182e+03
3473.000000,-1.418148e+03
3474.000000,-1.417395e+03
3475.000000,-1.417397e+03
3476.000000,-1.416857e+03
3477.000000,-1.417255e+03
3478.000000,-1.416838e+03
3479.000000,-1.415687e+03
3480.000000,-1.414874e+03
3481.000000,-1.414161e+03
3482.000000,-1.412780e+03
3483.000000,-1.411174e+03
3484.000000,-1.409389e+03
3485.000000,-1.407752e+03
3486.000000,-1.406113e+03
3487.000000,-1.404715e+03
3488.000000,-1.403653e+03
3489.000000,-1.402826e+03
3490.000000,-1.402304e+03
3491.000000,-1.402259e+03
3492.000000,-1.402108e+03
3493.000000,-1.401550e+03
3494.000000,-1.400559e+03
3495.000000,-1.399008e+03
3496.000000,-1.397907e+03
3497.000000,-1.396410e+03
3498.000000,-1.394901e+03
3499.000000,-1.393926e+03
3500.000000,-1.392736e+03
3501.000000,-1.391793e+03
3502.000000,-1.390290e+03
3503.000000,-1.389130e+03
3504.000000,-1.388750e+03
3505.000000,-1.387823e+03
3506.000000,-1.386295e+03
3507.000000,-1.385469e+03
3508.000000,-1.384527e+03
3509.000000,-1.383679e+03
3510.000000,-1.383500e+03
3511.000000,-1.382911e+03
3512.000000,-1.383032e+03
3513.000000,-1.382820e+03
3514.000000,-1.381838e+03
3515.000000,-1.381088e+03
3516.000000,-1.380621e+03
3517.000000,-1.379914e+03
3518.000000,-1.379406e+03
3519.000000,-1.378891e+03
3520.000000,-1.378217e+03
3521.000000,-1.378119e+03
3522.000000,-1.377851e+03
3523.000000,-1.377808e+03
3524.000000,-1.378297e+03
3525.000000,-1.378400e+03
3526.000000,-1.377427e+03
3527.000000,-1.376913e+03
3528.000000,-1.377203e+03
3529.000000,-1.377568e+03
3530.000000,-1.377145e+03
3531.000000,-1.375915e+03
3532.000000,-1.375167e+03
3533.000000,-1.373905e+03
3534.000000,-1.372971e+03
3535.000000,-1.372183e+03
3536.000000,-1.372055e+03
3537.000000,-1.371141e+03
3538.000000,-1.370573e+03
3539.000000,-1.369662e+03
3540.000000,-1.369345e+03
3541.000000,-1.368691e+03
3542.000000,-1.367920e+03
3543.000000,-1.367325e+03
3544.000000,-1.366542e+03
3545.000000,-1.366023e+03
3546.000000,-1.365547e+03
3547.000000,-1.364139e+03
3548.000000,-1.362959e+03
3549.000000,-1.362574e+03
3550.000000,-1.361858e+03
3551.000000,-1.361722e+03
3552.000000,-1.361745e+03
3553.000000,-1.360992e+03
3554.000000,-1.361114e+03
3555.000000,-1.360289e+03
3556.000000,-1.359773e+03
3557.000000,-1.359239e+03
3558.000000,-1.358387e+03
3559.000000,-1.357488e+03
3560.000000,-1.357079e+03
3561.000000,-1.356116e+03
3562.000000,-1.355379e+03
3563.000000,-1.355155e+03
3564.000000,-1.354361e+03
3565.000000,-1.352739e+03
3566.000000,-1.350905e+03
3567.000000,-1.349577e+03
3568.000000,-1.349047e+03
3569.000000,-1.347887e+03
3570.000000,-1.346472e+03
3571.000000,-1.345094e+03
3572.000000,-1.343762e+03
3573.000000,-1.342722e+03
3574.000000,-1.342020e+03
3575.000000,-1.341723e+03
3576.000000,-1.341902e+03
3577.000000,-1.341169e+03
3578.000000,-1.340296e+03
3579.000000,-1.339307e+03
3580.000000,-1.338924e+03
3581.000000,-1.337638e+03
3582.000000,-1.335688e+03
3583.000000,-1.334482e+03
3584.000000,-1.333426e+03
3585.000000,-1.332134e+03
3586.000000,-1.330289e+03
3587.000000,-1.329637e+03
3588.000000,-1.328738e+03
3589.000000,-1.328189e+03
3590.000000,-1.327513e+03
3591.000000,-1.326422e+03
3592.000000,-1.324591e+03
3593.000000,-1.322489e+03
3594.000000,-1.320989e+03
3595.000000,-1.319781e+03
3596.000000,-1.317625e+03
3597.000000,-1.316638e+03
3598.000000,-1.316006e+03
3599.000000,-1.315697e+03
3600.000000,-1.314069e+03
3601.000000,-1.312288e+03
3602.000000,-1.310120e+03
3603.000000,-1.309369e+03
3604.000000,-1.307761e+03
3605.000000,-1.306601e+03
3606.000000,-1.305405e+03
3607.000000,-1.305075e+03
3608.000000,-1.303619e+03
3609.000000,-1.302356e+03
3610.000000,-1.301525e+03
3611.000000,-1.300613e+03
3612.000000,-1.300372e+03
3613.000000,-1.300197e+03
3614.000000,-1.300073e+03
3615.000000,-1.300363e+03
3616.000000,-1.299493e+03
3617.000000,-1.298390e+03
3618.000000,-1.298009e+03
3619.000000,-1.297319e+03
3620.000000,-1.296819e+03
3621.000000,-1.296152e+03
3622.000000,-1.295862e+03
3623.000000,-1.295575e+03
3624.000000,-1.294459e+03
3625.000000,-1.293532e+03
3626.000000,-1.291849e+03
3627.000000,-1.290950e+03
3628.000000,-1.290470e+03
3629.000000,-1.289145e+03
3630.000000,-1.287960e+03
3631.000000,-1.286774e+03
3632.000000,-1.285566e+03
3633.000000,-1.285201e+03
3634.000000,-1.284819e+03
3635.000000,-1.284561e+03
3636.000000,-1.284760e+03
3637.000000,-1.284488e+03
3638.000000,-1.283544e+03
3639.000000,-1.283097e+03
3640.000000,-1.283432e+03
3641.000000,-1.283771e+03
3642.000000,-1.282815e+03
3643.000000,-1.282452e+03
3644.000000,-1.282394e+03
3645.000000,-1.282257e+03
3646.000000,-1.282390e+03
3647.000000,-1.281352e+03
3648.000000,-1.280729e+03
3649.000000,-1.279444e+03
3650.000000,-1.278486e+03
3651.000000,-1.277049e+03
3652.000000,-1.275995e+03
3653.000000,-1.274774e+03
3654.000000,-1.273616e+03
3655.000000,-1.272571e+03
3656.000000,-1.271738e+03
3657.000000,-1.271117e+03
3658.000000,-1.269843e+03
3659.000000,-1.269695e+03
3660.000000,-1.269402e+03
3661.000000,-1.269106e+03
3662.000000,-1.268764e+03
3663.000000,-1.268795e+03
3664.000000,-1.268677e+03
3665.000000,-1.268902e+03
3666.000000,-1.269767e+03
3667.000000,-1.270154e+03
3668.000000,-1.270990e+03
3669.000000,-1.272027e+03
3670.000000,-1.272213e+03
3671.000000,-1.272082e+03
3672.000000,-1.271904e+03
3673.000000,-1.271865e+03
3674.000000,-1.272900e+03
3675.000000,-1.273629e+03
3676.000000,-1.273034e+03
3677.000000,-1.273424e+03
3678.000000,-1.273339e+03
3679.000000,-1.273677e+03
3680.000000,-1.273803e+03
3681.000000,-1.274108e+03
3682.000000,-1.273966e+03
3683.000000,-1.273970e+03
3684.000000,-1.274301e+03
3685.000000,-1.274838e+03
3686.000000,-1.274880e+03
3687.000000,-1.275291e+03
3688.000000,-1.274844e+03
3689.000000,-1.273359e+03
3690.000000,-1.272361e+03
3691.000000,-1.271876e+03
3692.000000,-1.272044e+03
3693.000000,-1.273161e+03
3694.000000,-1.274049e+03
3695.000000,-1.273938e+03
3696.000000,-1.274598e+03
3697.000000,-1.275353e+03
3698.000000,-1.275969e+03
3699.000000,-1.276986e+03
3700.000000,-1.278059e+03
3701.000000,-1.278669e+03
3702.000000,-1.279525e+03
3703.000000,-1.280305e+03
3704.000000,-1.280941e+03
3705.000000,-1.280974e+03
3706.000000,-1.281170e+03
3707.000000,-1.281274e+03
3708.000000,-1.281026e+03
3709.000000,-1.281013e+03
3710.000000,-1.281014e+03
3711.000000,-1.280653e+03
3712.000000,-1.280192e+03
3713.000000,-1.280060e+03
3714.000000,-1.279931e+03
3715.000000,-1.280150e+03
3716.000000,-1.280305e+03
3717.000000,-1.279699e+03
3718.000000,-1.279058e+03
3719.000000,-1.278370e+03
3720.000000,-1.277717e+03
3721.000000,-1.277082e+03
3722.000000,-1.276117e+03
3723.000000,-1.274969e+03
3724.000000,-1.273855e+03
3725.000000,-1.273088e+03
3726.000000,-1.271818e+03
3727.000000,-1.270963e+03
3728.000000,-1.270060e+03
3729.000000,-1.269330e+03
3730.000000,-1.268715e+03
3731.000000,-1.268442e+03
3732.000000,-1.267482e+03
3733.000000,-1.265725e+03
3734.000000,-1.265292e+03
3735.000000,-1.264982e+03
3736.000000,-1.264975e+03
3737.000000,-1.264978e+03
3738.000000,-1.264316e+03
3739.000000,-1.264580e+03
3740.000000,-1.265053e+03
3741.000000,-1.266015e+03
3742.000000,-1.266734e+03
3743.000000,-1.267597e+03
3744.000000,-1.267294e+03
3745.000000,-1.266041e+03
3746.000000,-1.266112e+03
3747.000000,-1.266802e+03
3748.000000,-1.266578e+03
3749.000000,-1.266794e+03
3750.000000,-1.266327e+03
3751.000000,-1.266464e+03
3752.000000,-1.266847e+03
3753.000000,-1.267022e+03
3754.000000,-1.266851e+03
3755.000000,-1.267104e+03
3756.000000,-1.267558e+03
3757.000000,-1.268004e+03
3758.000000,-1.268825e+03
3759.000000,-1.269101e+03
3760.000000,-1.270096e+03
3761.000000,-1.270479e+03
3762.000000,-1.270183e+03
3763.000000,-1.269898e+03
3764.000000,-1.269463e+03
3765.000000,-1.269165e+03
3766.000000,-1.268342e+03
3767.000000,-1.267566e+03
3768.000000,-1.267001e+03
3769.000000,-1.266331e+03
3770.000000,-1.265868e+03
3771.000000,-1.266072e+03
3772.000000,-1.266691e+03
3773.000000,-1.266627e+03
3774.000000,-1.266402e+03
3775.000000,-1.266103e+03
3776.000000,-1.266713e+03
3777.000000,-1.267433e+03
3778.000000,-1.267653e+03
3779.000000,-1.268189e+03
3780.000000,-1.269447e+03
3781.000000,-1.269975e+03
3782.000000,-1.271231e+03
3783.000000,-1.272006e+03
3784.000000,-1.271615e+03
3785.000000,-1.271014e+03
3786.000000,-1.271621e+03
3787.000000,-1.271995e+03
3788.000000,-1.272050e+03
3789.000000,-1.271454e+03
3790.000000,-1.271745e+03
3791.000000,-1.272073e+03
3792.000000,-1.271686e+03
3793.000000,-1.272027e+03
3794.000000,-1.272228e+03
3795.000000,-1.273351e+03
3796.000000,-1.274204e+03
3797.000000,-1.275617e+03
3798.000000,-1.276731e+03
3799.000000,-1.277006e+03
3800.000000,-1.277547e+03
3801.000000,-1.278271e+03
3802.000000,-1.279158e+03
3803.000000,-1.279812e+03
3804.000000,-1.280181e+03
3805.000000,-1.280459e+03
3806.000000,-1.282167e+03
3807.000000,-1.283233e+03
3808.000000,-1.283717e+03
3809.000000,-1.284150e+03
3810.000000,-1.284318e+03
3811.000000,-1.284522e+03
3812.000000,-1.284964e+03
3813.000000,-1.285492e+03
3814.000000,-1.285787e+03
3815.000000,-1.285528e+03
3816.000000,-1.285904e+03
3817.000000,-1.286029e+03
3818.000000,-1.285865e+03
3819.000000,-1.285145e+03
3820.000000,-1.285035e+03
3821.000000,-1.284475e+03
3822.000000,-1.283830e+03
3823.000000,-1.283798e+03
3824.000000,-1.283964e+03
3825.000000,-1.284227e+03
3826.000000,-1.284412e+03
3827.000000,-1.284158e+03
3828.000000,-1.284136e+03
3829.000000,-1.284255e+03
3830.000000,-1.284964e+03
3831.000000,-1.285495e+03
3832.000000,-1.284776e+03
3833.000000,-1.284890e+03
3834.000000,-1.285255e+03
3835.000000,-1.284776e+03
3836.000000,-1.284680e+03
3837.000000,-1.284612e+03
3838.000000,-1.284926e+03
3839.000000,-1.285430e+03
3840.000000,-1.286002e+03
3841.000000,-1.287023e+03
3842.000000,-1.287499e+03
3843.000000,-1.287612e+03
3844.000000,-1.287135e+03
3845.000000,-1.287488e+03
3846.000000,-1.288871e+03
3847.000000,-1.289251e+03
3848.000000,-1.288380e+03
3849.000000,-1.288289e+03
3850.000000,-1.289054e+03
3851.000000,-1.289529e+03
3852.000000,-1.290668e+03
3853.000000,-1.292191e+03
3854.000000,-1.293372e+03
3855.000000,-1.294472e+03
3856.000000,-1.296383e+03
3857.000000,-1.298017e+03
3858.000000,-1.299105e+03
3859.000000,-1.300209e+03
3860.000000,-1.301051e+03
3861.000000,-1.302398e+03
3862.000000,-1.303099e+03
3863.000000,-1.304331e+03
3864.000000,-1.304649e+03
3865.000000,-1.306197e+03
3866.000000,-1.307547e+03
3867.000000,-1.308067e+03
3868.000000,-1.308000e+03
3869.000000,-1.308427e+03
3870.000000,-1.308936e+03
3871.000000,-1.309832e+03
3872.000000,-1.311306e+03
3873.000000,-1.312734e+03
3874.000000,-1.314506e+03
3875.000000,-1.316252e+03
3876.000000,-1.317352e+03
3877.000000,-1.318893e+03
3878.000000,-1.319959e+03
3879.000000,-1.321494e+03
3880.000000,-1.322419e+03
3881.000000,-1.323400e+03
3882.000000,-1.323631e+03
3883.000000,-1.324159e+03
3884.000000,-1.324538e+03
3885.000000,-1.325770e+03
3886.000000,-1.326949e+03
3887.000000,-1.328595e+03
3888.000000,-1.330149e+03
3889.000000,-1.331716e+03
3890.000000,-1.333605e+03
3891.000000,-1.335826e+03
3892.000000,-1.338268e+03
3893.000000,-1.341034e+03
3894.000000,-1.343151e+03
3895.000000,-1.344494e+03
3896.000000,-1.346585e+03
3897.000000,-1.348401e+03
3898.000000,-1.348877e+03
3899.000000,-1.350065e+03
3900.000000,-1.350916e+03
3901.000000,-1.351561e+03
3902.000000,-1.352353e+03
3903.000000,-1.354040e+03
3904.000000,-1.355407e+03
3905.000000,-1.357066e+03
3906.000000,-1.357294e+03
3907.000000,-1.359016e+03
3908.000000,-1.360755e+03
3909.000000,-1.362437e+03
3910.000000,-1.364071e+03
3911.000000,-1.364339e+03
3912.000000,-1.364136e+03
3913.000000,-1.365224e+03
3914.000000,-1.366986e+03
3915.000000,-1.369125e+03
3916.000000,-1.370442e+03
3917.000000,-1.371611e+03
3918.000000,-1.372787e+03
3919.000000,-1.373503e+03
3920.000000,-1.374043e+03
3921.000000,-1.374602e+03
3922.000000,-1.375465e+03
3923.000000,-1.376570e+03
3924.000000,-1.376948e+03
3925.000000,-1.377415e+03
3926.000000,-1.377550e+03
3927.000000,-1.377845e+03
3928.000000,-1.379165e+03
3929.000000,-1.380595e+03
3930.000000,-1.381706e+03
3931.000000,-1.382686e+03
3932.000000,-1.382774e+03
3933.000000,-1.382750e+03
3934.000000,-1.382361e+03
3935.000000,-1.382166e+03
3936.000000,-1.381994e+03
3937.000000,-1.381416e+03
3938.000000,-1.381111e+03
3939.000000,-1.380946e+03
3940.000000,-1.380310e+03
3941.000000,-1.380258e+03
3942.000000,-1.380534e+03
3943.000000,-1.380995e+03
3944.000000,-1.380785e+03
3945.000000,-1.380332e+03
3946.000000,-1.380369e+03
3947.000000,-1.380149e+03
3948.000000,-1.381229e+03
3949.000000,-1.381701e+03
3950.000000,-1.382083e+03
3951.000000,-1.382560e+03
3952.000000,-1.381868e+03
3953.000000,-1.382129e+03
3954.000000,-1.382742e+03
3955.000000,-1.383391e+03
3956.000000,-1.384867e+03
3957.000000,-1.385817e+03
3958.000000,-1.385995e+03
3959.000000,-1.386716e+03
3960.000000,-1.387426e+03
3961.000000,-1.387178e+03
3962.000000,-1.386843e+03
3963.000000,-1.386975e+03
3964.000000,-1.387671e+03
3965.000000,-1.388485e+03
3966.000000,-1.389646e+03
3967.000000,-1.390995e+03
3968.000000,-1.392390e+03
3969.000000,-1.393625e+03
3970.000000,-1.395000e+03
3971.000000,-1.396427e+03
3972.000000,-1.396989e+03
3973.000000,-1.397236e+03
3974.000000,-1.396897e+03
3975.000000,-1.397397e+03
3976.000000,-1.397600e+03
3977.000000,-1.397759e+03
3978.000000,-1.398090e+03
3979.000000,-1.398018e+03
3980.000000,-1.397931e+03
3981.000000,-1.398138e+03
3982.000000,-1.398724e+03
3983.000000,-1.399544e+03
3984.000000,-1.400843e+03
3985.000000,-1.401974e+03
3986.000000,-1.402987e+03
3987.000000,-1.404055e+03
3988.000000,-1.404358e+03
3989.000000,-1.404324e+03
3990.000000,-1.405070e+03
3991.000000,-1.405513e+03
3992.000000,-1.406413e+03
3993.000000,-1.407076e+03
3994.000000,-1.407734e+03
3995.000000,-1.407872e+03
3996.000000,-1.408330e+03
3997.000000,-1.408174e+03
3998.000000,-1.408462e+03
3999.000000,-1.408998e+03
4000.000000,-1.409655e+03
4001.000000,-1.409540e+03
4002.000000,-1.408949e+03
4003.000000,-1.408352e+03
4004.000000,-1.406925e+03
4005.000000,-1.405838e+03
4006.000000,-1.405597e+03
4007.000000,-1.405464e+03
4008.000000,-1.405089e+03
4009.000000,-1.405098e+03
4010.000000,-1.404327e+03
4011.000000,-1.403747e+03
4012.000000,-1.403196e+03
4013.000000,-1.402384e+03
4014.000000,-1.401197e+03
4015.000000,-1.400656e+03
4016.000000,-1.400279e+03
4017.000000,-1.399313e+03
4018.000000,-1.398653e+03
4019.000000,-1.398666e+03
4020.000000,-1.398728e+03
4021.000000,-1.398817e+03
4022.000000,-1.399062e+03
4023.000000,-1.400177e+03
4024.000000,-1.401528e+03
4025.000000,-1.402640e+03
4026.000000,-1.403703e+03
4027.000000,-1.404493e+03
4028.000000,-1.404703e+03
4029.000000,-1.405128e+03
4030.000000,-1.405505e+03
4031.000000,-1.406404e+03
4032.000000,-1.406952e+03
4033.000000,-1.406948e+03
4034.000000,-1.406897e+03
4035.000000,-1.407309e+03
4036.000000,-1.407267e+03
4037.000000,-1.406427e+03
4038.000000,-1.406504e+03
4039.000000,-1.407037e+03
4040.000000,-1.407434e+03
4041.000000,-1.407759e+03
4042.000000,-1.408220e+03
4043.000000,-1.408781e+03
4044.000000,-1.409951e+03
4045.000000,-1.410952e+03
4046.000000,-1.411539e+03
4047.000000,-1.412057e+03
4048.000000,-1.412653e+03
4049.000000,-1.413018e+03
4050.000000,-1.413132e+03
4051.000000,-1.412873e+03
4052.000000,-1.412920e+03
4053.000000,-1.412833e+03
4054.000000,-1.413023e+03
4055.000000,-1.412756e+03
4056.000000,-1.412434e+03
4057.000000,-1.411898e+03
4058.000000,-1.411411e+03
4059.000000,-1.411059e+03
4060.000000,-1.411040e+03
4061.000000,-1.410929e+03
4062.000000,-1.410616e+03
4063.000000,-1.411070e+03
4064.000000,-1.411635e+03
4065.000000,-1.411899e+03
4066.000000,-1.412143e+03
4067.000000,-1.412931e+03
4068.000000,-1.413545e+03
4069.000000,-1.414308e+03
4070.000000,-1.415909e+03
4071.000000,-1.416753e+03
4072.000000,-1.417428e+03
4073.000000,-1.417989e+03
4074.000000,-1.418052e+03
4075.000000,-1.419207e+03
4076.000000,-1.420507e+03
4077.000000,-1.422444e+03
4078.000000,-1.423494e+03
4079.000000,-1.424262e+03
4080.000000,-1.424839e+03
4081.000000,-1.424619e+03
4082.000000,-1.424385e+03
4083.000000,-1.424498e+03
4084.000000,-1.424770e+03
4085.000000,-1.424560e+03
4086.000000,-1.424808e+03
4087.000000,-1.425545e+03
4088.000000,-1.426615e+03
4089.000000,-1.427042e+03
4090.000000,-1.426693e+03
4091.000000,-1.425704e+03
4092.000000,-1.425645e+03
4093.000000,-1.426155e+03
4094.000000,-1.426836e+03
4095.000000,-1.426920e+03
4096.000000,-1.427711e+03
4097.000000,-1.427541e+03
4098.000000,-1.427069e+03
4099.000000,-1.426727e+03
4100.000000,-1.426618e+03
4101.000000,-1.426213e+03
4102.000000,-1.425971e+03
4103.000000,-1.425984e+03
4104.000000,-1.425039e+03
4105.000000,-1.424837e+03
4106.000000,-1.424465e+03
4107.000000,-1.425174e+03
4108.000000,-1.424423e+03
4109.000000,-1.423409e+03
4110.000000,-1.422968e+03
4111.000000,-1.422400e+03
4112.000000,-1.421930e+03
4113.000000,-1.421961e+03
4114.000000,-1.421670e+03
4115.000000,-1.421897e+03
4116.000000,-1.422013e+03
4117.000000,-1.421369e+03
4118.000000,-1.420814e+03
4119.000000,-1.421030e+03
4120.000000,-1.421389e+03
4121.000000,-1.421644e+03
4122.000000,-1.421374e+03
4123.000000,-1.421653e+03
4124.000000,-1.421377e+03
4125.000000,-1.420869e+03
4126.000000,-1.420622e+03
4127.000000,-1.420044e+03
4128.000000,-1.420000e+03
4129.000000,-1.420071e+03
4130.000000,-1.420368e+03
4131.000000,-1.419953e+03
4132.000000,-1.420124e+03
4133.000000,-1.419947e+03
4134.000000,-1.419939e+03
4135.000000,-1.420328e+03
4136.000000,-1.420420e+03
4137.000000,-1.419639e+03
4138.000000,-1.419271e+03
4139.000000,-1.419356e+03
4140.000000,-1.418886e+03
4141.000000,-1.418248e+03
4142.000000,-1.416211e+03
4143.000000,-1.415390e+03
4144.000000,-1.415008e+03
4145.000000,-1.414153e+03
4146.000000,-1.414549e+03
4147.000000,-1.414216e+03
4148.000000,-1.413115e+03
4149.000000,-1.412956e+03
4150.000000,-1.413573e+03
4151.000000,-1.413621e+03
4152.000000,-1.412863e+03
4153.000000,-1.412550e+03
4154.000000,-1.412846e+03
4155.000000,-1.413152e+03
4156.000000,-1.413313e+03
4157.000000,-1.412961e+03
4158.000000,-1.412126e+03
4159.000000,-1.411435e+03
4160.000000,-1.411216e+03
4161.000000,-1.411917e+03
4162.000000,-1.412699e+03
4163.000000,-1.412826e+03
4164.000000,-1.413600e+03
4165.000000,-1.413965e+03
4166.000000,-1.414113e+03
4167.000000,-1.414824e+03
4168.000000,-1.415459e+03
4169.000000,-1.415572e+03
4170.000000,-1.415255e+03
4171.000000,-1.414639e+03
4172.000000,-1.414231e+03
4173.000000,-1.414182e+03
4174.000000,-1.414600e+03
4175.000000,-1.415203e+03
4176.000000,-1.415532e+03
4177.000000,-1.415425e+03
4178.000000,-1.415420e+03
4179.000000,-1.416355e+03
4180.000000,-1.416692e+03
4181.000000,-1.416063e+03
4182.000000,-1.415790e+03
4183.000000,-1.415912e+03
4184.000000,-1.414556e+03
4185.000000,-1.413936e+03
4186.000000,-1.413255e+03
4187.000000,-1.412571e+03
4188.000000,-1.412212e+03
4189.000000,-1.411828e+03
4190.000000,-1.410244e+03
4191.000000,-1.408974e+03
4192.000000,-1.407893e+03
4193.000000,-1.407100e+03
4194.000000,-1.406967e+03
4195.000000,-1.406158e+03
4196.000000,-1.406174e+03
4197.000000,-1.406035e+03
4198.000000,-1.406750e+03
4199.000000,-1.407638e+03
4200.000000,-1.407549e+03
4201.000000,-1.407779e+03
4202.000000,-1.408272e+03
4203.000000,-1.407471e+03
4204.000000,-1.405723e+03
4205.000000,-1.404191e+03
4206.000000,-1.403344e+03
4207.000000,-1.402407e+03
4208.000000,-1.401041e+03
4209.000000,-1.399596e+03
4210.000000,-1.398736e+03
4211.000000,-1.397773e+03
4212.000000,-1.396633e+03
4213.000000,-1.395368e+03
4214.000000,-1.394314e+03
4215.000000,-1.393132e+03
4216.000000,-1.391218e+03
4217.000000,-1.389267e+03
4218.000000,-1.387516e+03
4219.000000,-1.385376e+03
4220.000000,-1.383937e+03
4221.000000,-1.381806e+03
4222.000000,-1.379890e+03
4223.000000,-1.377182e+03
4224.000000,-1.376301e+03
4225.000000,-1.375464e+03
4226.000000,-1.374143e+03
4227.000000,-1.372671e+03
4228.000000,-1.370661e+03
4229.000000,-1.369603e+03
4230.000000,-1.368024e+03
4231.000000,-1.366299e+03
4232.000000,-1.364889e+03
4233.000000,-1.364111e+03
4234.000000,-1.362450e+03
4235.000000,-1.360804e+03
4236.000000,-1.359533e+03
4237.000000,-1.358558e+03
4238.000000,-1.357718e+03
4239.000000,-1.357064e+03
4240.000000,-1.356260e+03
4241.000000,-1.355838e+03
4242.000000,-1.355942e+03
4243.000000,-1.356225e+03
4244.000000,-1.356351e+03
4245.000000,-1.356024e+03
4246.000000,-1.355704e+03
4247.000000,-1.355249e+03
4248.000000,-1.354712e+03
4249.000000,-1.354535e+03
4250.000000,-1.353649e+03
4251.000000,-1.353453e+03
4252.000000,-1.353452e+03
4253.000000,-1.353258e+03
4254.000000,-1.353994e+03
4255.000000,-1.354298e+03
4256.000000,-1.353884e+03
4257.000000,-1.354298e+03
4258.000000,-1.353539e+03
4259.000000,-1.352501e+03
4260.000000,-1.352202e+03
4261.000000,-1.351683e+03
4262.000000,-1.350902e+03
4263.000000,-1.350730e+03
4264.000000,-1.350229e+03
4265.000000,-1.350370e+03
4266.000000,-1.350575e+03
4267.000000,-1.350847e+03
4268.000000,-1.350597e+03
4269.000000,-1.350015e+03
4270.000000,-1.350061e+03
4271.000000,-1.350657e+03
4272.000000,-1.351123e+03
4273.000000,-1.350802e+03
4274.000000,-1.349802e+03
4275.000000,-1.349386e+03
4276.000000,-1.349363e+03
4277.000000,-1.349022e+03
4278.000000,-1.349122e+03
4279.000000,-1.349440e+03
4280.000000,-1.349930e+03
4281.000000,-1.349696e+03
4282.000000,-1.350852e+03
4283.000000,-1.350859e+03
4284.000000,-1.351188e+03
4285.000000,-1.351426e+03
4286.000000,-1.350886e+03
4287.000000,-1.351291e+03
4288.000000,-1.351814e+03
4289.000000,-1.352100e+03
4290.000000,-1.352200e+03
4291.000000,-1.352715e+03
4292.000000,-1.353715e+03
4293.000000,-1.354300e+03
4294.000000,-1.353914e+03
4295.000000,-1.353847e+03
4296.000000,-1.353692e+03
4297.000000,-1.353827e+03
4298.000000,-1.354030e+03
4299.000000,-1.353337e+03
4300.000000,-1.353333e+03
4301.000000,-1.353476e+03
4302.000000,-1.353104e+03
4303.000000,-1.353448e+03
4304.000000,-1.353811e+03
4305.000000,-1.353881e+03
4306.000000,-1.353859e+03
4307.000000,-1.353592e+03
4308.000000,-1.352638e+03
4309.000000,-1.352551e+03
4310.000000,-1.353642e+03
4311.000000,-1.353769e+03
4312.000000,-1.353859e+03
4313.000000,-1.353928e+03
4314.000000,-1.353910e+03
4315.000000,-1.353995e+03
4316.000000,-1.354077e+03
4317.000000,-1.353936e+03
4318.000000,-1.354273e+03
4319.000000,-1.354611e+03
4320.000000,-1.353492e+03
4321.000000,-1.353762e+03
4322.000000,-1.354064e+03
4323.000000,-1.354984e+03
4324.000000,-1.355387e+03
4325.000000,-1.356094e+03
4326.000000,-1.356508e+03
4327.000000,-1.356237e+03
4328.000000,-1.356091e+03
4329.000000,-1.356069e+03
4330.000000,-1.356841e+03
4331.000000,-1.356353e+03
4332.000000,-1.356778e+03
4333.000000,-1.356227e+03
4334.000000,-1.355793e+03
4335.000000,-1.355745e+03
4336.000000,-1.356375e+03
4337.000000,-1.356791e+03
4338.000000,-1.357472e+03
4339.000000,-1.358062e+03
4340.000000,-1.358897e+03
4341.000000,-1.360372e+03
4342.000000,-1.360673e+03
4343.000000,-1.361356e+03
4344.000000,-1.362318e+03
4345.000000,-1.363337e+03
4346.000000,-1.364097e+03
4347.000000,-1.365461e+03
4348.000000,-1.367339e+03
4349.000000,-1.368126e+03
4350.000000,-1.368735e+03
4351.000000,-1.369708e+03
4352.000000,-1.371090e+03
4353.000000,-1.372115e+03
4354.000000,-1.373713e+03
4355.000000,-1.375150e+03
4356.000000,-1.376274e+03
4357.000000,-1.376663e+03
4358.000000,-1.377387e+03
4359.000000,-1.377998e+03
4360.000000,-1.377630e+03
4361.000000,-1.377823e+03
4362.000000,-1.378221e+03
4363.000000,-1.379020e+03
4364.000000,-1.380113e+03
4365.000000,-1.381730e+03
4366.000000,-1.382087e+03
4367.000000,-1.382484e+03
4368.000000,-1.383178e+03
4369.000000,-1.383863e+03
4370.000000,-1.384355e+03
4371.000000,-1.385762e+03
4372.000000,-1.386919e+03
4373.000000,-1.388068e+03
4374.000000,-1.388042e+03
4375.000000,-1.388442e+03
4376.000000,-1.390235e+03
4377.000000,-1.391856e+03
4378.000000,-1.392831e+03
4379.000000,-1.393832e+03
4380.000000,-1.394916e+03
4381.000000,-1.394638e+03
4382.000000,-1.394808e+03
4383.000000,-1.395049e+03
4384.000000,-1.395718e+03
4385.000000,-1.395923e+03
4386.000000,-1.396533e+03
4387.000000,-1.397117e+03
4388.000000,-1.397433e+03
4389.000000,-1.398456e+03
4390.000000,-1.398281e+03
4391.000000,-1.398481e+03
4392.000000,-1.398490e+03
4393.000000,-1.399528e+03
4394.000000,-1.400732e+03
4395.000000,-1.401979e+03
4396.000000,-1.402655e+03
4397.000000,-1.403360e+03
4398.000000,-1.404356e+03
4399.000000,-1.405635e+03
4400.000000,-1.406969e+03
4401.000000,-1.407746e+03
4402.000000,-1.408554e+03
4403.000000,-1.409239e+03
4404.000000,-1.408973e+03
4405.000000,-1.409147e+03
4406.000000,-1.408912e+03
4407.000000,-1.409357e+03
4408.000000,-1.409615e+03
4409.000000,-1.410066e+03
4410.000000,-1.411048e+03
4411.000000,-1.410835e+03
4412.000000,-1.411041e+03
4413.000000,-1.411038e+03
4414.000000,-1.411596e+03
4415.000000,-1.412014e+03
4416.000000,-1.412529e+03
4417.000000,-1.412167e+03
4418.000000,-1.412011e+03
4419.000000,-1.411789e+03
4420.000000,-1.411157e+03
4421.000000,-1.410651e+03
4422.000000,-1.410570e+03
4423.000000,-1.411547e+03
4424.000000,-1.412448e+03
4425.000000,-1.413398e+03
4426.000000,-1.413676e+03
4427.000000,-1.414223e+03
4428.000000,-1.415449e+03
4429.000000,-1.416359e+03
4430.000000,-1.417681e+03
4431.000000,-1.418504e+03
4432.000000,-1.419711e+03
4433.000000,-1.419957e+03
4434.000000,-1.419940e+03
4435.000000,-1.419278e+03
4436.000000,-1.419069e+03
4437.000000,-1.419490e+03
4438.000000,-1.419679e+03
4439.000000,-1.420843e+03
4440.000000,-1.421947e+03
4441.000000,-1.422661e+03
4442.000000,-1.424261e+03
4443.000000,-1.425125e+03
4444.000000,-1.426172e+03
4445.000000,-1.426789e+03
4446.000000,-1.427666e+03
4447.000000,-1.427892e+03
4448.000000,-1.428044e+03
4449.000000,-1.427662e+03
4450.000000,-1.427844e+03
4451.000000,-1.428426e+03
4452.000000,-1.428878e+03
4453.000000,-1.429608e+03
4454.000000,-1.429530e+03
4455.000000,-1.429072e+03
4456.000000,-1.427924e+03
4457.000000,-1.427990e+03
4458.000000,-1.428123e+03
4459.000000,-1.428331e+03
4460.000000,-1.428175e+03
4461.000000,-1.427877e+03
4462.000000,-1.427641e+03
4463.000000,-1.426999e+03
4464.000000,-1.426898e+03
4465.000000,-1.426212e+03
4466.000000,-1.425632e+03
4467.000000,-1.425322e+03
4468.000000,-1.424997e+03
4469.000000,-1.423705e+03
4470.000000,-1.423599e+03
4471.000000,-1.423269e+03
4472.000000,-1.423177e+03
4473.000000,-1.422105e+03
4474.000000,-1.421368e+03
4475.000000,-1.421333e+03
4476.000000,-1.420922e+03
4477.000000,-1.420634e+03
4478.000000,-1.420627e+03
4479.000000,-1.420150e+03
4480.000000,-1.419779e+03
4481.000000,-1.419544e+03
4482.000000,-1.419425e+03
4483.000000,-1.419172e+03
4484.000000,-1.419013e+03
4485.000000,-1.419019e+03
4486.000000,-1.419228e+03
4487.000000,-1.418672e+03
4488.000000,-1.419110e+03
4489.000000,-1.419159e+03
4490.000000,-1.419375e+03
4491.000000,-1.418979e+03
4492.000000,-1.419696e+03
4493.000000,-1.420624e+03
4494.000000,-1.421656e+03
4495.000000,-1.422325e+03
4496.000000,-1.423651e+03
4497.000000,-1.424820e+03
4498.000000,-1.426523e+03
4499.000000,-1.427298e+03
4500.000000,-1.428252e+03
4501.000000,-1.429456e+03
4502.000000,-1.429664e+03
4503.000000,-1.430557e+03
4504.000000,-1.430677e+03
4505.000000,-1.431120e+03
4506.000000,-1.430671e+03
4507.000000,-1.430558e+03
4508.000000,-1.431273e+03
4509.000000,-1.431972e+03
4510.000000,-1.432043e+03
4511.000000,-1.432356e+03
4512.000000,-1.432558e+03
4513.000000,-1.432223e+03
4514.000000,-1.432610e+03
4515.000000,-1.432690e+03
4516.000000,-1.432367e+03
4517.000000,-1.432162e+03
4518.000000,-1.432471e+03
4519.000000,-1.433068e+03
4520.000000,-1.434310e+03
4521.000000,-1.435259e+03
4522.000000,-1.435545e+03
4523.000000,-1.435870e+03
4524.000000,-1.436024e+03
4525.000000,-1.435853e+03
4526.000000,-1.436519e+03
4527.000000,-1.436849e+03
4528.000000,-1.436933e+03
4529.000000,-1.437181e+03
4530.000000,-1.436507e+03
4531.000000,-1.435936e+03
4532.000000,-1.435588e+03
4533.000000,-1.434870e+03
4534.000000,-1.435483e+03
4535.000000,-1.435686e+03
4536.000000,-1.435768e+03
4537.000000,-1.436340e+03
4538.000000,-1.436544e+03
4539.000000,-1.437171e+03
4540.000000,-1.437077e+03
4541.000000,-1.436789e+03
4542.000000,-1.437001e+03
4543.000000,-1.438176e+03
4544.000000,-1.439047e+03
4545.000000,-1.439238e+03
4546.000000,-1.439707e+03
4547.000000,-1.441109e+03
4548.000000,-1.440971e+03
4549.000000,-1.441069e+03
4550.000000,-1.441476e+03
4551.000000,-1.441196e+03
4552.000000,-1.441473e+03
4553.000000,-1.441693e+03
4554.000000,-1.441266e+03
4555.000000,-1.440083e+03
4556.000000,-1.438911e+03
4557.000000,-1.438315e+03
4558.000000,-1.437798e+03
4559.000000,-1.437341e+03
4560.000000,-1.437716e+03
4561.000000,-1.437523e+03
4562.000000,-1.437790e+03
4563.000000,-1.437729e+03
4564.000000,-1.437831e+03
4565.000000,-1.437716e+03
4566.000000,-1.437941e+03
4567.000000,-1.439372e+03
4568.000000,-1.439496e+03
4569.000000,-1.439141e+03
4570.000000,-1.438770e+03
4571.000000,-1.438462e+03
4572.000000,-1.437472e+03
4573.000000,-1.436936e+03
4574.000000,-1.436423e+03
4575.000000,-1.435756e+03
4576.000000,-1.435538e+03
4577.000000,-1.436081e+03
4578.000000,-1.437294e+03
4579.000000,-1.437636e+03
4580.000000,-1.437306e+03
4581.000000,-1.437206e+03
4582.000000,-1.436622e+03
4583.000000,-1.436123e+03
4584.000000,-1.435227e+03
4585.000000,-1.434876e+03
4586.000000,-1.434283e+03
4587.000000,-1.433580e+03
4588.000000,-1.432657e+03
4589.000000,-1.432990e+03
4590.000000,-1.432873e+03
4591.000000,-1.432027e+03
4592.000000,-1.430837e+03
4593.000000,-1.430169e+03
4594.000000,-1.429748e+03
4595.000000,-1.428894e+03
4596.000000,-1.427998e+03
4597.000000,-1.427557e+03
4598.000000,-1.426811e+03
4599.000000,-1.425593e+03
4600.000000,-1.424105e+03
4601.000000,-1.423170e+03
4602.000000,-1.422710e+03
4603.000000,-1.422392e+03
4604.000000,-1.421955e+03
4605.000000,-1.421827e+03
4606.000000,-1.421753e+03
4607.000000,-1.422119e+03
4608.000000,-1.421735e+03
4609.000000,-1.422242e+03
4610.000000,-1.422563e+03
4611.000000,-1.422496e+03
4612.000000,-1.421751e+03
4613.000000,-1.421987e+03
4614.000000,-1.422535e+03
4615.000000,-1.422986e+03
4616.000000,-1.422781e+03
4617.000000,-1.424265e+03
4618.000000,-1.424983e+03
4619.000000,-1.424066e+03
4620.000000,-1.423947e+03
4621.000000,-1.424629e+03
4622.000000,-1.424959e+03
4623.000000,-1.425126e+03
4624.000000,-1.424892e+03
4625.000000,-1.424305e+03
4626.000000,-1.424448e+03
4627.000000,-1.425150e+03
4628.000000,-1.425604e+03
4629.000000,-1.426838e+03
4630.000000,-1.428521e+03
4631.000000,-1.430668e+03
4632.000000,-1.432820e+03
4633.000000,-1.434717e+03
4634.000000,-1.436630e+03
4635.000000,-1.438026e+03
4636.000000,-1.440121e+03
4637.000000,-1.443009e+03
4638.000000,-1.444982e+03
4639.000000,-1.446458e+03
4640.000000,-1.447671e+03
4641.000000,-1.447964e+03
4642.000000,-1.448884e+03
4643.000000,-1.449300e+03
4644.000000,-1.450020e+03
4645.000000,-1.450873e+03
4646.000000,-1.452039e+03
4647.000000,-1.452962e+03
4648.000000,-1.454077e+03
4649.000000,-1.454827e+03
4650.000000,-1.455696e+03
4651.000000,-1.456741e+03
4652.000000,-1.456985e+03
4653.000000,-1.457396e+03
4654.000000,-1.458191e+03
4655.000000,-1.458821e+03
4656.000000,-1.459595e+03
4657.000000,-1.460697e+03
4658.000000,-1.461504e+03
4659.000000,-1.462592e+03
4660.000000,-1.463876e+03
4661.000000,-1.465334e+03
4662.000000,-1.466103e+03
4663.000000,-1.466305e+03
4664.000000,-1.466637e+03
4665.000000,-1.465608e+03
4666.000000,-1.464990e+03
4667.000000,-1.464305e+03
4668.000000,-1.463822e+03
4669.000000,-1.463200e+03
4670.000000,-1.463894e+03
4671.000000,-1.465479e+03
4672.000000,-1.466209e+03
4673.000000,-1.466356e+03
4674.000000,-1.466536e+03
4675.000000,-1.466572e+03
4676.000000,-1.466193e+03
4677.000000,-1.466178e+03
4678.000000,-1.466204e+03
4679.000000,-1.467037e+03
4680.000000,-1.467938e+03
4681.000000,-1.467816e+03
4682.000000,-1.468296e+03
4683.000000,-1.469261e+03
4684.000000,-1.470361e+03
4685.000000,-1.471561e+03
4686.000000,-1.472865e+03
4687.000000,-1.474445e+03
4688.000000,-1.476028e+03
4689.000000,-1.476993e+03
4690.000000,-1.477839e+03
4691.000000,-1.477924e+03
4692.000000,-1.478198e+03
4693.000000,-1.478563e+03
4694.000000,-1.479300e+03
4695.000000,-1.479767e+03
4696.000000,-1.479915e+03
4697.000000,-1.479885e+03
4698.000000,-1.480084e+03
4699.000000,-1.479889e+03
4700.000000,-1.480077e+03
4701.000000,-1.480121e+03
4702.000000,-1.480800e+03
4703.000000,-1.482022e+03
4704.000000,-1.482367e+03
4705.000000,-1.482363e+03
4706.000000,-1.482382e+03
4707.000000,-1.482533e+03
4708.000000,-1.483076e+03
4709.000000,-1.483801e+03
4710.000000,-1.483969e+03
4711.000000,-1.484162e+03
4712.000000,-1.484695e+03
4713.000000,-1.484686e+03
4714.000000,-1.485421e+03
4715.000000,-1.486002e+03
4716.000000,-1.485651e+03
4717.000000,-1.485605e+03
4718.000000,-1.486174e+03
4719.000000,-1.486664e+03
4720.000000,-1.487460e+03
4721.000000,-1.489486e+03
4722.000000,-1.490847e+03
4723.000000,-1.491701e+03
4724.000000,-1.492523e+03
4725.000000,-1.492992e+03
4726.000000,-1.493105e+03
4727.000000,-1.493848e+03
4728.000000,-1.494923e+03
4729.000000,-1.495494e+03
4730.000000,-1.496234e+03
4731.000000,-1.496925e+03
4732.000000,-1.497510e+03
4733.000000,-1.497286e+03
4734.000000,-1.498769e+03
4735.000000,-1.499702e+03
4736.000000,-1.500379e+03
4737.000000,-1.501225e+03
4738.000000,-1.501335e+03
4739.000000,-1.501420e+03
4740.000000,-1.501901e+03
4741.000000,-1.502549e+03
4742.000000,-1.503165e+03
4743.000000,-1.503786e+03
4744.000000,-1.504402e+03
4745.000000,-1.505050e+03
4746.000000,-1.505507e+03
4747.000000,-1.505892e+03
4748.000000,-1.507140e+03
4749.000000,-1.508487e+03
4750.000000,-1.509930e+03
4751.000000,-1.510249e+03
4752.000000,-1.510579e+03
4753.000000,-1.510883e+03
4754.000000,-1.511771e+03
4755.000000,-1.511483e+03
4756.000000,-1.511962e+03
4757.000000,-1.512182e+03
4758.000000,-1.512149e+03
4759.000000,-1.512804e+03
4760.000000,-1.513250e+03
4761.000000,-1.513095e+03
4762.000000,-1.511792e+03
4763.000000,-1.511312e+03
4764.000000,-1.510472e+03
4765.000000,-1.509862e+03
4766.000000,-1.509843e+03
4767.000000,-1.510455e+03
4768.000000,-1.510511e+03
4769.000000,-1.511458e+03
4770.000000,-1.511390e+03
4771.000000,-1.511998e+03
4772.000000,-1.513862e+03
4773.000000,-1.514858e+03
4774.000000,-1.515349e+03
4775.000000,-1.516113e+03
4776.000000,-1.516639e+03
4777.000000,-1.517857e+03
4778.000000,-1.519321e+03
4779.000000,-1.520263e+03
4780.000000,-1.521087e+03
4781.000000,-1.521953e+03
4782.000000,-1.522280e+03
4783.000000,-1.523376e+03
4784.000000,-1.524159e+03
4785.000000,-1.525137e+03
4786.000000,-1.526845e+03
4787.000000,-1.528448e+03
4788.000000,-1.529310e+03
4789.000000,-1.529324e+03
4790.000000,-1.530007e+03
4791.000000,-1.531915e+03
4792.000000,-1.534348e+03
4793.000000,-1.535200e+03
4794.000000,-1.536022e+03
4795.000000,-1.536393e+03
4796.000000,-1.537444e+03
4797.000000,-1.538037e+03
4798.000000,-1.538412e+03
4799.000000,-1.539321e+03
4800.000000,-1.540262e+03
4801.000000,-1.540971e+03
4802.000000,-1.541442e+03
4803.000000,-1.542073e+03
4804.000000,-1.542408e+03
4805.000000,-1.543389e+03
4806.000000,-1.544661e+03
4807.000000,-1.544736e+03
4808.000000,-1.545762e+03
4809.000000,-1.546931e+03
4810.000000,-1.547901e+03
4811.000000,-1.548845e+03
4812.000000,-1.549961e+03
4813.000000,-1.550982e+03
4814.000000,-1.551996e+03
4815.000000,-1.553089e+03
4816.000000,-1.555010e+03
4817.000000,-1.555368e+03
4818.000000,-1.556321e+03
4819.000000,-1.557237e+03
4820.000000,-1.558937e+03
4821.000000,-1.560405e+03
4822.000000,-1.561766e+03
4823.000000,-1.562335e+03
4824.000000,-1.563599e+03
4825.000000,-1.564547e+03
4826.000000,-1.566075e+03
4827.000000,-1.567675e+03
4828.000000,-1.569171e+03
4829.000000,-1.570307e+03
4830.000000,-1.572825e+03
4831.000000,-1.575446e+03
4832.000000,-1.578338e+03
4833.000000,-1.580915e+03
4834.000000,-1.583359e+03
4835.000000,-1.586063e+03
4836.000000,-1.588444e+03
4837.000000,-1.591174e+03
4838.000000,-1.593283e+03
4839.000000,-1.594297e+03
4840.000000,-1.595464e+03
4841.000000,-1.596823e+03
4842.000000,-1.598749e+03
4843.000000,-1.600933e+03
4844.000000,-1.602830e+03
4845.000000,-1.604051e+03
4846.000000,-1.604689e+03
4847.000000,-1.605200e+03
4848.000000,-1.605882e+03
4849.000000,-1.607143e+03
4850.000000,-1.608177e+03
4851.000000,-1.609304e+03
4852.000000,-1.610266e+03
4853.000000,-1.610477e+03
4854.000000,-1.612142e+03
4855.000000,-1.613322e+03
4856.000000,-1.613990e+03
4857.000000,-1.615723e+03
4858.000000,-1.617273e+03
4859.000000,-1.618716e+03
4860.000000,-1.620068e+03
4861.000000,-1.621803e+03
4862.000000,-1.622600e+03
4863.000000,-1.623194e+03
4864.000000,-1.623912e+03
4865.000000,-1.625184e+03
4866.000000,-1.626182e+03
4867.000000,-1.627488e+03
4868.000000,-1.628432e+03
4869.000000,-1.628376e+03
4870.000000,-1.629179e+03
4871.000000,-1.630650e+03
4872.000000,-1.631776e+03
4873.000000,-1.633529e+03
4874.000000,-1.635288e+03
4875.000000,-1.636871e+03
4876.000000,-1.638009e+03
4877.000000,-1.638437e+03
4878.000000,-1.638892e+03
4879.000000,-1.639475e+03
4880.000000,-1.640742e+03
4881.000000,-1.641820e+03
4882.000000,-1.642544e+03
4883.000000,-1.643546e+03
4884.000000,-1.644352e+03
4885.000000,-1.644805e+03
4886.000000,-1.645454e+03
4887.000000,-1.645756e+03
4888.000000,-1.645497e+03
4889.000000,-1.645848e+03
4890.000000,-1.645812e+03
4891.000000,-1.646181e+03
4892.000000,-1.647542e+03
4893.000000,-1.648908e+03
4894.000000,-1.650141e+03
4895.000000,-1.651253e+03
4896.000000,-1.651896e+03
4897.000000,-1.652065e+03
4898.000000,-1.651937e+03
4899.000000,-1.652239e+03
4900.000000,-1.653049e+03
4901.000000,-1.654486e+03
4902.000000,-1.655025e+03
4903.000000,-1.655331e+03
4904.000000,-1.655334e+03
4905.000000,-1.654471e+03
4906.000000,-1.653903e+03
4907.000000,-1.653748e+03
4908.000000,-1.654446e+03
4909.000000,-1.655104e+03
4910.000000,-1.655624e+03
4911.000000,-1.656339e+03
4912.000000,-1.656532e+03
4913.000000,-1.656777e+03
4914.000000,-1.657517e+03
4915.000000,-1.657422e+03
4916.000000,-1.657785e+03
4917.000000,-1.658895e+03
4918.000000,-1.659329e+03
4919.000000,-1.659427e+03
4920.000000,-1.659227e+03
4921.000000,-1.659461e+03
4922.000000,-1.659319e+03
4923.000000,-1.659493e+03
4924.000000,-1.660347e+03
4925.000000,-1.661121e+03
4926.000000,-1.660691e+03
4927.000000,-1.660018e+03
4928.000000,-1.659560e+03
4929.000000,-1.658646e+03
4930.000000,-1.657892e+03
4931.000000,-1.657463e+03
4932.000000,-1.657645e+03
4933.000000,-1.656927e+03
4934.000000,-1.656703e+03
4935.000000,-1.657071e+03
4936.000000,-1.657650e+03
4937.000000,-1.658038e+03
4938.000000,-1.659098e+03
4939.000000,-1.659353e+03
4940.000000,-1.660097e+03
4941.000000,-1.660406e+03
4942.000000,-1.660981e+03
4943.000000,-1.661486e+03
4944.000000,-1.662064e+03
4945.000000,-1.662197e+03
4946.000000,-1.661341e+03
4947.000000,-1.660604e+03
4948.000000,-1.660361e+03
4949.000000,-1.660342e+03
4950.000000,-1.660014e+03
4951.000000,-1.659714e+03
4952.000000,-1.660286e+03
4953.000000,-1.660811e+03
4954.000000,-1.661889e+03
4955.000000,-1.661751e+03
4956.000000,-1.661175e+03
4957.000000,-1.661608e+03
4958.000000,-1.663043e+03
4959.000000,-1.663597e+03
4960.000000,-1.664664e+03
4961.000000,-1.665648e+03
4962.000000,-1.666087e+03
4963.000000,-1.666685e+03
4964.000000,-1.667666e+03
4965.000000,-1.668769e+03
4966.000000,-1.669622e+03
4967.000000,-1.670739e+03
4968.000000,-1.672158e+03
4969.000000,-1.673262e+03
4970.000000,-1.674064e+03
4971.000000,-1.675148e+03
4972.000000,-1.676689e+03
4973.000000,-1.677514e+03
4974.000000,-1.679674e+03
4975.000000,-1.681023e+03
4976.000000,-1.682172e+03
4977.000000,-1.682869e+03
4978.000000,-1.683216e+03
4979.000000,-1.683353e+03
4980.000000,-1.684172e+03
4981.000000,-1.684570e+03
4982.000000,-1.685192e+03
4983.000000,-1.686460e+03
4984.000000,-1.686469e+03
4985.000000,-1.687593e+03
4986.000000,-1.688104e+03
4987.000000,-1.688523e+03
4988.000000,-1.689064e+03
4989.000000,-1.689898e+03
4990.000000,-1.690398e+03
4991.000000,-1.691803e+03
4992.000000,-1.692752e+03
4993.000000,-1.693812e+03
4994.000000,-1.694847e+03
4995.000000,-1.695316e+03
4996.000000,-1.695496e+03
4997.000000,-1.696186e+03
4998.000000,-1.696561e+03
4999.000000,-1.697304e+03
5000.000000,-1.698531e+03
5001.000000,-1.699589e+03
5002.000000,-1.700688e+03
5003.000000,-1.701916e+03
5004.000000,-1.702733e+03
5005.000000,-1.703719e+03
5006.000000,-1.705552e+03
5007.000000,-1.707404e+03
5008.000000,-1.708405e+03
5009.000000,-1.709702e+03
5010.000000,-1.710526e+03
5011.000000,-1.711179e+03
5012.000000,-1.712689e+03
5013.000000,-1.714175e+03
5014.000000,-1.714400e+03
5015.000000,-1.715064e+03
5016.000000,-1.716207e+03
5017.000000,-1.717634e+03
5018.000000,-1.718973e+03
5019.000000,-1.720443e+03
5020.000000,-1.721120e+03
5021.000000,-1.722270e+03
5022.000000,-1.722808e+03
5023.000000,-1.723977e+03
5024.000000,-1.725540e+03
5025.000000,-1.727041e+03
5026.000000,-1.729293e+03
5027.000000,-1.730527e+03
5028.000000,-1.731477e+03
5029.000000,-1.732054e+03
5030.000000,-1.733456e+03
5031.000000,-1.733631e+03
5032.000000,-1.733673e+03
5033.000000,-1.733613e+03
5034.000000,-1.734061e+03
5035.000000,-1.734357e+03
5036.000000,-1.735632e+03
5037.000000,-1.736305e+03
5038.000000,-1.737624e+03
5039.000000,-1.739444e+03
5040.000000,-1.741028e+03
5041.000000,-1.742133e+03
5042.000000,-1.743437e+03
5043.000000,-1.744374e+03
5044.000000,-1.746151e+03
5045.000000,-1.747905e+03
5046.000000,-1.748075e+03
5047.000000,-1.748249e+03
5048.000000,-1.749134e+03
5049.000000,-1.749550e+03
5050.000000,-1.749435e+03
5051.000000,-1.749493e+03
5052.000000,-1.749635e+03
5053.000000,-1.749510e+03
5054.000000,-1.750111e+03
5055.000000,-1.750526e+03
5056.000000,-1.750963e+03
5057.000000,-1.751534e+03
5058.000000,-1.752155e+03
5059.000000,-1.752588e+03
5060.000000,-1.753079e+03
5061.000000,-1.753931e+03
5062.000000,-1.754153e+03
5063.000000,-1.754981e+03
5064.000000,-1.755585e+03
5065.000000,-1.756118e+03
5066.000000,-1.756494e+03
5067.000000,-1.757670e+03
5068.000000,-1.757705e+03
5069.000000,-1.758043e+03
5070.000000,-1.757657e+03
5071.000000,-1.757782e+03
5072.000000,-1.757636e+03
5073.000000,-1.756682e+03
5074.000000,-1.756446e+03
5075.000000,-1.755749e+03
5076.000000,-1.755485e+03
5077.000000,-1.755187e+03
5078.000000,-1.755024e+03
5079.000000,-1.754702e+03
5080.000000,-1.755078e+03
5081.000000,-1.755691e+03
5082.000000,-1.756127e+03
5083.000000,-1.756196e+03
5084.000000,-1.756252e+03
5085.000000,-1.755851e+03
5086.000000,-1.755281e+03
5087.000000,-1.755665e+03
5088.000000,-1.756120e+03
5089.000000,-1.756621e+03
5090.000000,-1.755712e+03
5091.000000,-1.755299e+03
5092.000000,-1.755011e+03
5093.000000,-1.755417e+03
5094.000000,-1.755301e+03
5095.000000,-1.754861e+03
5096.000000,-1.754579e+03
5097.000000,-1.753653e+03
5098.000000,-1.752328e+03
5099.000000,-1.752387e+03
5100.000000,-1.752688e+03
5101.000000,-1.752778e+03
5102.000000,-1.751783e+03
5103.000000,-1.750935e+03
5104.000000,-1.750636e+03
5105.000000,-1.750412e+03
5106.000000,-1.750479e+03
5107.000000,-1.749934e+03
5108.000000,-1.749826e+03
5109.000000,-1.749676e+03
5110.000000,-1.749172e+03
5111.000000,-1.748942e+03
5112.000000,-1.748714e+03
5113.000000,-1.748278e+03
5114.000000,-1.747381e+03
5115.000000,-1.746102e+03
5116.000000,-1.745246e+03
5117.000000,-1.744485e+03
5118.000000,-1.744260e+03
5119.000000,-1.744314e+03
5120.000000,-1.743907e+03
5121.000000,-1.743774e+03
5122.000000,-1.744330e+03
5123.000000,-1.744485e+03
5124.000000,-1.744454e+03
5125.000000,-1.744403e+03
5126.000000,-1.743508e+03
5127.000000,-1.742852e+03
5128.000000,-1.741964e+03
5129.000000,-1.741593e+03
5130.000000,-1.741531e+03
5131.000000,-1.741965e+03
5132.000000,-1.742137e+03
5133.000000,-1.742397e+03
5134.000000,-1.743242e+03
5135.000000,-1.743798e+03
5136.000000,-1.744154e+03
5137.000000,-1.744154e+03
5138.000000,-1.744147e+03
5139.000000,-1.744567e+03
5140.000000,-1.744699e+03
5141.000000,-1.745268e+03
5142.000000,-1.746924e+03
5143.000000,-1.747598e+03
5144.000000,-1.747551e+03
5145.000000,-1.748425e+03
5146.000000,-1.748520e+03
5147.000000,-1.747971e+03
5148.000000,-1.748276e+03
5149.000000,-1.748436e+03
5150.000000,-1.748914e+03
5151.000000,-1.748254e+03
5152.000000,-1.748106e+03
5153.000000,-1.747911e+03
5154.000000,-1.747205e+03
5155.000000,-1.746880e+03
5156.000000,-1.747320e+03
5157.000000,-1.747781e+03
5158.000000,-1.747874e+03
5159.000000,-1.748535e+03
5160.000000,-1.749805e+03
5161.000000,-1.750329e+03
5162.000000,-1.751112e+03
5163.000000,-1.750671e+03
5164.000000,-1.750716e+03
5165.000000,-1.751321e+03
5166.000000,-1.751964e+03
5167.000000,-1.753001e+03
5168.000000,-1.753495e+03
5169.000000,-1.752794e+03
5170.000000,-1.751399e+03
5171.000000,-1.750581e+03
5172.000000,-1.750217e+03
5173.000000,-1.750076e+03
5174.000000,-1.749966e+03
5175.000000,-1.748642e+03
5176.000000,-1.747937e+03
5177.000000,-1.746423e+03
5178.000000,-1.745348e+03
5179.000000,-1.745708e+03
5180.000000,-1.745851e+03
5181.000000,-1.745895e+03
5182.000000,-1.745619e+03
5183.000000,-1.745049e+03
5184.000000,-1.743354e+03
5185.000000,-1.743166e+03
5186.000000,-1.742657e+03
5187.000000,-1.741984e+03
5188.000000,-1.741594e+03
5189.000000,-1.741281e+03
5190.000000,-1.741408e+03
5191.000000,-1.741058e+03
5192.000000,-1.740435e+03
5193.000000,-1.739812e+03
5194.000000,-1.739029e+03
5195.000000,-1.737933e+03
5196.000000,-1.737136e+03
5197.000000,-1.736943e+03
5198.000000,-1.737435e+03
5199.000000,-1.737834e+03
5200.000000,-1.738086e+03
5201.000000,-1.738228e+03
5202.000000,-1.738773e+03
5203.000000,-1.739664e+03
5204.000000,-1.740790e+03
5205.000000,-1.742087e+03
5206.000000,-1.742867e+03
5207.000000,-1.744039e+03
5208.000000,-1.744982e+03
5209.000000,-1.745600e+03
5210.000000,-1.746379e+03
5211.000000,-1.746336e+03
5212.000000,-1.746017e+03
5213.000000,-1.746155e+03
5214.000000,-1.746206e+03
5215.000000,-1.745848e+03
5216.000000,-1.745895e+03
5217.000000,-1.745833e+03
5218.000000,-1.744828e+03
5219.000000,-1.743789e+03
5220.000000,-1.742827e+03
5221.000000,-1.741902e+03
5222.000000,-1.742004e+03
5223.000000,-1.740858e+03
5224.000000,-1.739858e+03
5225.000000,-1.738671e+03
5226.000000,-1.737746e+03
5227.000000,-1.737067e+03
5228.000000,-1.736536e+03
5229.000000,-1.735818e+03
5230.000000,-1.735313e+03
5231.000000,-1.734494e+03
5232.000000,-1.734602e+03
5233.000000,-1.734234e+03
5234.000000,-1.732822e+03
5235.000000,-1.732389e+03
5236.000000,-1.731981e+03
5237.000000,-1.731760e+03
5238.000000,-1.731075e+03
5239.000000,-1.730688e+03
5240.000000,-1.729980e+03
5241.000000,-1.728784e+03
5242.000000,-1.727995e+03
5243.000000,-1.726538e+03
5244.000000,-1.724845e+03
5245.000000,-1.722995e+03
5246.000000,-1.721265e+03
5247.000000,-1.718358e+03
5248.000000,-1.716298e+03
5249.000000,-1.714827e+03
5250.000000,-1.713923e+03
5251.000000,-1.712679e+03
5252.000000,-1.710688e+03
5253.000000,-1.708517e+03
5254.000000,-1.706543e+03
5255.000000,-1.705143e+03
5256.000000,-1.704732e+03
5257.000000,-1.703932e+03
5258.000000,-1.703879e+03
5259.000000,-1.703953e+03
5260.000000,-1.703246e+03
5261.000000,-1.702254e+03
5262.000000,-1.701089e+03
5263.000000,-1.700119e+03
5264.000000,-1.699335e+03
5265.000000,-1.699271e+03
5266.000000,-1.699095e+03
5267.000000,-1.699555e+03
5268.000000,-1.700140e+03
5269.000000,-1.699582e+03
5270.000000,-1.699330e+03
5271.000000,-1.698374e+03
5272.000000,-1.697296e+03
5273.000000,-1.696909e+03
5274.000000,-1.696224e+03
5275.000000,-1.696128e+03
5276.000000,-1.696523e+03
5277.000000,-1.696131e+03
5278.000000,-1.695820e+03
5279.000000,-1.695312e+03
5280.000000,-1.693914e+03
5281.000000,-1.693743e+03
5282.000000,-1.692998e+03
5283.000000,-1.692577e+03
5284.000000,-1.691399e+03
5285.000000,-1.690319e+03
5286.000000,-1.689289e+03
5287.000000,-1.688761e+03
5288.000000,-1.688059e+03
5289.000000,-1.686464e+03
5290.000000,-1.684408e+03
5291.000000,-1.682876e+03
5292.000000,-1.681904e+03
5293.000000,-1.680305e+03
5294.000000,-1.677831e+03
5295.000000,-1.676154e+03
5296.000000,-1.674188e+03
5297.000000,-1.673103e+03
5298.000000,-1.671846e+03
5299.000000,-1.670297e+03
5300.000000,-1.668883e+03
5301.000000,-1.667959e+03
5302.000000,-1.666957e+03
5303.000000,-1.665067e+03
5304.000000,-1.662869e+03
5305.000000,-1.660456e+03
5306.000000,-1.658010e+03
5307.000000,-1.656354e+03
5308.000000,-1.654971e+03
5309.000000,-1.653023e+03
5310.000000,-1.651446e+03
5311.000000,-1.650720e+03
5312.000000,-1.650078e+03
5313.000000,-1.648824e+03
5314.000000,-1.647731e+03
5315.000000,-1.646501e+03
5316.000000,-1.644786e+03
5317.000000,-1.643132e+03
5318.000000,-1.641491e+03
5319.000000,-1.641174e+03
5320.000000,-1.640144e+03
5321.000000,-1.638971e+03
5322.000000,-1.638697e+03
5323.000000,-1.638152e+03
5324.000000,-1.637494e+03
5325.000000,-1.636253e+03
5326.000000,-1.634127e+03
5327.000000,-1.631835e+03
5328.000000,-1.630645e+03
5329.000000,-1.629039e+03
5330.000000,-1.627346e+03
5331.000000,-1.625706e+03
5332.000000,-1.624043e+03
5333.000000,-1.622328e+03
5334.000000,-1.620058e+03
5335.000000,-1.618114e+03
5336.000000,-1.617069e+03
5337.000000,-1.615376e+03
5338.000000,-1.613597e+03
5339.000000,-1.612053e+03
5340.000000,-1.610307e+03
5341.000000,-1.609028e+03
5342.000000,-1.607927e+03
5343.000000,-1.607104e+03
5344.000000,-1.607196e+03
5345.000000,-1.606648e+03
5346.000000,-1.606256e+03
5347.000000,-1.605915e+03
5348.000000,-1.604468e+03
5349.000000,-1.603272e+03
5350.000000,-1.602381e+03
5351.000000,-1.601708e+03
5352.000000,-1.600669e+03
5353.000000,-1.599392e+03
5354.000000,-1.598842e+03
5355.000000,-1.598024e+03
5356.000000,-1.596984e+03
5357.000000,-1.597013e+03
5358.000000,-1.596404e+03
5359.000000,-1.595787e+03
5360.000000,-1.595006e+03
5361.000000,-1.594218e+03
5362.000000,-1.592972e+03
5363.000000,-1.590936e+03
5364.000000,-1.589659e+03
5365.000000,-1.588079e+03
5366.000000,-1.585834e+03
5367.000000,-1.584419e+03
5368.000000,-1.582214e+03
5369.000000,-1.580555e+03
5370.000000,-1.578329e+03
5371.000000,-1.576535e+03
5372.000000,-1.575115e+03
5373.000000,-1.573996e+03
5374.000000,-1.573167e+03
5375.000000,-1.572051e+03
5376.000000,-1.570618e+03
5377.000000,-1.569564e+03
5378.000000,-1.568702e+03
5379.000000,-1.567759e+03
5380.000000,-1.566272e+03
5381.000000,-1.564744e+03
5382.000000,-1.564056e+03
5383.000000,-1.563435e+03
5384.000000,-1.562313e+03
5385.000000,-1.560686e+03
5386.000000,-1.559367e+03
5387.000000,-1.559154e+03
5388.000000,-1.558785e+03
5389.000000,-1.558665e+03
5390.000000,-1.558230e+03
5391.000000,-1.557162e+03
5392.000000,-1.557354e+03
5393.000000,-1.557771e+03
5394.000000,-1.557764e+03
5395.000000,-1.557124e+03
5396.000000,-1.556212e+03
5397.000000,-1.555270e+03
5398.000000,-1.554193e+03
5399.000000,-1.554182e+03
5400.000000,-1.553177e+03
5401.000000,-1.552605e+03
5402.000000,-1.551815e+03
5403.000000,-1.551778e+03
5404.000000,-1.551286e+03
5405.000000,-1.550554e+03
5406.000000,-1.549587e+03
5407.000000,-1.549661e+03
5408.000000,-1.549259e+03
5409.000000,-1.549097e+03
5410.000000,-1.548224e+03
5411.000000,-1.547035e+03
5412.000000,-1.545672e+03
5413.000000,-1.544973e+03
5414.000000,-1.543753e+03
5415.000000,-1.542473e+03
5416.000000,-1.542382e+03
5417.000000,-1.541517e+03
5418.000000,-1.540493e+03
5419.000000,-1.540084e+03
5420.000000,-1.540081e+03
5421.000000,-1.539370e+03
5422.000000,-1.539414e+03
5423.000000,-1.539125e+03
5424.000000,-1.538662e+03
5425.000000,-1.537932e+03
5426.000000,-1.537725e+03
5427.000000,-1.537537e+03
5428.000000,-1.536917e+03
5429.000000,-1.535755e+03
5430.000000,-1.534226e+03
5431.000000,-1.534217e+03
5432.000000,-1.533799e+03
5433.000000,-1.533825e+03
5434.000000,-1.533186e+03
5435.000000,-1.533283e+03
5436.000000,-1.533394e+03
5437.000000,-1.533405e+03
5438.000000,-1.533134e+03
5439.000000,-1.532617e+03
5440.000000,-1.532024e+03
5441.000000,-1.531709e+03
5442.000000,-1.531871e+03
5443.000000,-1.531252e+03
5444.000000,-1.530777e+03
5445.000000,-1.529947e+03
5446.000000,-1.529925e+03
5447.000000,-1.530313e+03
5448.000000,-1.529964e+03
5449.000000,-1.528986e+03
5450.000000,-1.528414e+03
5451.000000,-1.528102e+03
5452.000000,-1.527967e+03
5453.000000,-1.526911e+03
5454.000000,-1.526911e+03
5455.000000,-1.526873e+03
5456.000000,-1.526379e+03
5457.000000,-1.526625e+03
5458.000000,-1.525622e+03
5459.000000,-1.524646e+03
5460.000000,-1.523601e+03
5461.000000,-1.522761e+03
5462.000000,-1.522371e+03
5463.000000,-1.522399e+03
5464.000000,-1.522132e+03
5465.000000,-1.522029e+03
5466.000000,-1.521240e+03
5467.000000,-1.520107e+03
5468.000000,-1.518691e+03
5469.000000,-1.517698e+03
5470.000000,-1.516662e+03
5471.000000,-1.516209e+03
5472.000000,-1.515921e+03
5473.000000,-1.515340e+03
5474.000000,-1.515089e+03
5475.000000,-1.514723e+03
5476.000000,-1.514896e+03
5477.000000,-1.514973e+03
5478.000000,-1.514334e+03
5479.000000,-1.513580e+03
5480.000000,-1.513501e+03
5481.000000,-1.512868e+03
5482.000000,-1.512589e+03
5483.000000,-1.512015e+03
5484.000000,-1.510789e+03
5485.000000,-1.509743e+03
5486.000000,-1.508723e+03
5487.000000,-1.507503e+03
5488.000000,-1.507521e+03
5489.000000,-1.507970e+03
5490.000000,-1.508429e+03
5491.000000,-1.508885e+03
5492.000000,-1.510118e+03
5493.000000,-1.510543e+03
5494.000000,-1.510855e+03
5495.000000,-1.510591e+03
5496.000000,-1.510458e+03
5497.000000,-1.510710e+03
5498.000000,-1.510535e+03
5499.000000,-1.510410e+03
5500.000000,-1.511016e+03
5501.000000,-1.511810e+03
5502.000000,-1.513348e+03
5503.000000,-1.514500e+03
5504.000000,-1.515361e+03
5505.000000,-1.515870e+03
5506.000000,-1.516702e+03
5507.000000,-1.517400e+03
5508.000000,-1.518231e+03
5509.000000,-1.518410e+03
5510.000000,-1.518337e+03
5511.000000,-1.518264e+03
5512.000000,-1.518456e+03
5513.000000,-1.519300e+03
5514.000000,-1.519799e+03
5515.000000,-1.520084e+03
5516.000000,-1.520220e+03
5517.000000,-1.519965e+03
5518.000000,-1.519060e+03
5519.000000,-1.518408e+03
5520.000000,-1.518469e+03
5521.000000,-1.517928e+03
5522.000000,-1.517405e+03
5523.000000,-1.517438e+03
5524.000000,-1.516929e+03
5525.000000,-1.516865e+03
5526.000000,-1.517306e+03
5527.000000,-1.517026e+03
5528.000000,-1.516764e+03
5529.000000,-1.516691e+03
5530.000000,-1.516598e+03
5531.000000,-1.516714e+03
5532.000000,-1.516324e+03
5533.000000,-1.516140e+03
5534.000000,-1.515924e+03
5535.000000,-1.515773e+03
5536.000000,-1.516315e+03
5537.000000,-1.516950e+03
5538.000000,-1.517961e+03
5539.000000,-1.517886e+03
5540.000000,-1.518228e+03
5541.000000,-1.517967e+03
5542.000000,-1.517407e+03
5543.000000,-1.516749e+03
5544.000000,-1.516680e+03
5545.000000,-1.516011e+03
5546.000000,-1.514407e+03
5547.000000,-1.512672e+03
5548.000000,-1.511285e+03
5549.000000,-1.510361e+03
5550.000000,-1.510011e+03
5551.000000,-1.509089e+03
5552.000000,-1.508426e+03
5553.000000,-1.507592e+03
5554.000000,-1.507211e+03
5555.000000,-1.506682e+03
5556.000000,-1.505956e+03
5557.000000,-1.505152e+03
5558.000000,-1.504280e+03
5559.000000,-1.503869e+03
5560.000000,-1.503611e+03
5561.000000,-1.502007e+03
5562.000000,-1.499958e+03
5563.000000,-1.498892e+03
5564.000000,-1.498741e+03
5565.000000,-1.498435e+03
5566.000000,-1.497510e+03
5567.000000,-1.496303e+03
5568.000000,-1.496091e+03
5569.000000,-1.495546e+03
5570.000000,-1.494767e+03
5571.000000,-1.493761e+03
5572.000000,-1.493306e+03
5573.000000,-1.493312e+03
5574.000000,-1.492379e+03
5575.000000,-1.491140e+03
5576.000000,-1.490352e+03
5577.000000,-1.489483e+03
5578.000000,-1.488992e+03
5579.000000,-1.488585e+03
5580.000000,-1.487383e+03
5581.000000,-1.486311e+03
5582.000000,-1.485172e+03
5583.000000,-1.483777e+03
5584.000000,-1.483460e+03
5585.000000,-1.483078e+03
5586.000000,-1.482420e+03
5587.000000,-1.481956e+03
5588.000000,-1.480996e+03
5589.000000,-1.480419e+03
5590.000000,-1.480160e+03
5591.000000,-1.479438e+03
5592.000000,-1.478503e+03
5593.000000,-1.477209e+03
5594.000000,-1.476071e+03
5595.000000,-1.474952e+03
5596.000000,-1.473940e+03
5597.000000,-1.473208e+03
5598.000000,-1.472663e+03
5599.000000,-1.471703e+03
5600.000000,-1.470763e+03
5601.000000,-1.468948e+03
5602.000000,-1.467191e+03
5603.000000,-1.465829e+03
5604.000000,-1.464733e+03
5605.000000,-1.464022e+03
5606.000000,-1.463843e+03
5607.000000,-1.463278e+03
5608.000000,-1.462481e+03
5609.000000,-1.461562e+03
5610.000000,-1.460486e+03
5611.000000,-1.459298e+03
5612.000000,-1.458780e+03
5613.000000,-1.458224e+03
5614.000000,-1.456775e+03
5615.000000,-1.455573e+03
5616.000000,-1.454912e+03
5617.000000,-1.454221e+03
5618.000000,-1.453493e+03
5619.000000,-1.452649e+03
5620.000000,-1.451454e+03
5621.000000,-1.449501e+03
5622.000000,-1.448497e+03
5623.000000,-1.447689e+03
5624.000000,-1.447916e+03
5625.000000,-1.447770e+03
5626.000000,-1.446954e+03
5627.000000,-1.446745e+03
5628.000000,-1.448406e+03
5629.000000,-1.448089e+03
5630.000000,-1.447160e+03
5631.000000,-1.447649e+03
5632.000000,-1.447110e+03
5633.000000,-1.448046e+03
5634.000000,-1.447693e+03
5635.000000,-1.447650e+03
5636.000000,-1.448471e+03
5637.000000,-1.448106e+03
5638.000000,-1.447266e+03
5639.000000,-1.446690e+03
5640.000000,-1.446148e+03
5641.000000,-1.446147e+03
5642.000000,-1.446690e+03
5643.000000,-1.446150e+03
5644.000000,-1.445072e+03
5645.000000,-1.444470e+03
5646.000000,-1.445352e+03
5647.000000,-1.446287e+03
5648.000000,-1.446987e+03
5649.000000,-1.447851e+03
5650.000000,-1.447965e+03
5651.000000,-1.447866e+03
5652.000000,-1.448345e+03
5653.000000,-1.447942e+03
5654.000000,-1.447546e+03
5655.000000,-1.447653e+03
5656.000000,-1.447787e+03
5657.000000,-1.448568e+03
5658.000000,-1.448678e+03
5659.000000,-1.448450e+03
5660.000000,-1.448029e+03
5661.000000,-1.447442e+03
5662.000000,-1.446879e+03
5663.000000,-1.446467e+03
5664.000000,-1.445777e+03
5665.000000,-1.444791e+03
5666.000000,-1.444225e+03
5667.000000,-1.443596e+03
5668.000000,-1.443220e+03
5669.000000,-1.443021e+03
5670.000000,-1.442414e+03
5671.000000,-1.442150e+03
5672.000000,-1.441570e+03
5673.000000,-1.441123e+03
5674.000000,-1.440876e+03
5675.000000,-1.440687e+03
5676.000000,-1.440647e+03
5677.000000,-1.440943e+03
5678.000000,-1.440364e+03
5679.000000,-1.439603e+03
5680.000000,-1.438591e+03
5681.000000,-1.437962e+03
5682.000000,-1.436508e+03
5683.000000,-1.435968e+03
5684.000000,-1.435817e+03
5685.000000,-1.435769e+03
5686.000000,-1.435772e+03
5687.000000,-1.434294e+03
5688.000000,-1.432633e+03
5689.000000,-1.431333e+03
5690.000000,-1.430540e+03
5691.000000,-1.428772e+03
5692.000000,-1.427747e+03
5693.000000,-1.426670e+03
5694.000000,-1.424853e+03
5695.000000,-1.423179e+03
5696.000000,-1.421041e+03
5697.000000,-1.419807e+03
5698.000000,-1.419117e+03
5699.000000,-1.418733e+03
5700.000000,-1.418842e+03
5701.000000,-1.418232e+03
5702.000000,-1.416902e+03
5703.000000,-1.415731e+03
5704.000000,-1.414893e+03
5705.000000,-1.414459e+03
5706.000000,-1.413497e+03
5707.000000,-1.412153e+03
5708.000000,-1.411041e+03
5709.000000,-1.410182e+03
5710.000000,-1.409727e+03
5711.000000,-1.408873e+03
5712.000000,-1.409438e+03
5713.000000,-1.408547e+03
5714.000000,-1.406697e+03
5715.000000,-1.406382e+03
5716.000000,-1.405718e+03
5717.000000,-1.404871e+03
5718.000000,-1.404060e+03
5719.000000,-1.402580e+03
5720.000000,-1.401219e+03
5721.000000,-1.399933e+03
5722.000000,-1.398390e+03
5723.000000,-1.396947e+03
5724.000000,-1.394398e+03
5725.000000,-1.393078e+03
5726.000000,-1.392168e+03
5727.000000,-1.392140e+03
5728.000000,-1.391726e+03
5729.000000,-1.390720e+03
5730.000000,-1.390770e+03
5731.000000,-1.391181e+03
5732.000000,-1.390574e+03
5733.000000,-1.389294e+03
5734.000000,-1.388514e+03
5735.000000,-1.388058e+03
5736.000000,-1.388147e+03
5737.000000,-1.387273e+03
5738.000000,-1.386246e+03
5739.000000,-1.386000e+03
5740.000000,-1.384559e+03
5741.000000,-1.383006e+03
5742.000000,-1.381299e+03
5743.000000,-1.379797e+03
5744.000000,-1.378360e+03
5745.000000,-1.377047e+03
5746.000000,-1.375870e+03
5747.000000,-1.375916e+03
5748.000000,-1.375986e+03
5749.000000,-1.375641e+03
5750.000000,-1.374875e+03
5751.000000,-1.373739e+03
5752.000000,-1.372473e+03
5753.000000,-1.370828e+03
5754.000000,-1.369255e+03
5755.000000,-1.368541e+03
5756.000000,-1.367576e+03
5757.000000,-1.367025e+03
5758.000000,-1.366233e+03
5759.000000,-1.365364e+03
5760.000000,-1.365671e+03
5761.000000,-1.363675e+03
5762.000000,-1.362102e+03
5763.000000,-1.360910e+03
5764.000000,-1.358783e+03
5765.000000,-1.357447e+03
5766.000000,-1.356039e+03
5767.000000,-1.354712e+03
5768.000000,-1.352553e+03
5769.000000,-1.350960e+03
5770.000000,-1.349255e+03
5771.000000,-1.347077e+03
5772.000000,-1.345102e+03
5773.000000,-1.343329e+03
5774.000000,-1.340987e+03
5775.000000,-1.338111e+03
5776.000000,-1.336183e+03
5777.000000,-1.334563e+03
5778.000000,-1.332978e+03
5779.000000,-1.331132e+03
5780.000000,-1.330155e+03
5781.000000,-1.329343e+03
5782.000000,-1.329113e+03
5783.000000,-1.328767e+03
5784.000000,-1.328016e+03
5785.000000,-1.326829e+03
5786.000000,-1.324827e+03
5787.000000,-1.323304e+03
5788.000000,-1.322450e+03
5789.000000,-1.321451e+03
5790.000000,-1.319515e+03
5791.000000,-1.317599e+03
5792.000000,-1.316201e+03
5793.000000,-1.315000e+03
5794.000000,-1.313282e+03
5795.000000,-1.312292e+03
5796.000000,-1.310706e+03
5797.000000,-1.308360e+03
5798.000000,-1.306909e+03
5799.000000,-1.306013e+03
5800.000000,-1.304798e+03
5801.000000,-1.303994e+03
5802.000000,-1.303526e+03
5803.000000,-1.302175e+03
5804.000000,-1.300611e+03
5805.000000,-1.299672e+03
5806.000000,-1.298918e+03
5807.000000,-1.298406e+03
5808.000000,-1.297584e+03
5809.000000,-1.296855e+03
5810.000000,-1.296082e+03
5811.000000,-1.294066e+03
5812.000000,-1.292415e+03
5813.000000,-1.290754e+03
5814.000000,-1.288972e+03
5815.000000,-1.287338e+03
5816.000000,-1.286237e+03
5817.000000,-1.284997e+03
5818.000000,-1.283956e+03
5819.000000,-1.282698e+03
5820.000000,-1.281541e+03
5821.000000,-1.280815e+03
5822.000000,-1.280505e+03
5823.000000,-1.279652e+03
5824.000000,-1.278944e+03
5825.000000,-1.278774e+03
5826.000000,-1.277545e+03
5827.000000,-1.275815e+03
5828.000000,-1.273540e+03
5829.000000,-1.272505e+03
5830.000000,-1.271825e+03
5831.000000,-1.271401e+03
5832.000000,-1.270483e+03
5833.000000,-1.269582e+03
5834.000000,-1.269111e+03
5835.000000,-1.268546e+03
5836.000000,-1.268551e+03
5837.000000,-1.267481e+03
5838.000000,-1.266901e+03
5839.000000,-1.266147e+03
5840.000000,-1.265845e+03
5841.000000,-1.265153e+03
5842.000000,-1.264122e+03
5843.000000,-1.262766e+03
5844.000000,-1.260955e+03
5845.000000,-1.258600e+03
5846.000000,-1.256371e+03
5847.000000,-1.253999e+03
5848.000000,-1.251433e+03
5849.000000,-1.249261e+03
5850.000000,-1.247355e+03
5851.000000,-1.245068e+03
5852.000000,-1.242776e+03
5853.000000,-1.240864e+03
5854.000000,-1.239912e+03
5855.000000,-1.238799e+03
5856.000000,-1.237294e+03
5857.000000,-1.235250e+03
5858.000000,-1.233317e+03
5859.000000,-1.230830e+03
5860.000000,-1.228167e+03
5861.000000,-1.225559e+03
5862.000000,-1.223151e+03
5863.000000,-1.221717e+03
5864.000000,-1.219906e+03
5865.000000,-1.218569e+03
5866.000000,-1.217638e+03
5867.000000,-1.215977e+03
5868.000000,-1.213461e+03
5869.000000,-1.210997e+03
5870.000000,-1.207931e+03
5871.000000,-1.205407e+03
5872.000000,-1.202180e+03
5873.000000,-1.199880e+03
5874.000000,-1.197940e+03
5875.000000,-1.196486e+03
5876.000000,-1.194188e+03
5877.000000,-1.192417e+03
5878.000000,-1.190626e+03
5879.000000,-1.187942e+03
5880.000000,-1.185154e+03
5881.000000,-1.182449e+03
5882.000000,-1.180377e+03
5883.000000,-1.178239e+03
5884.000000,-1.175984e+03
5885.000000,-1.173237e+03
5886.000000,-1.170088e+03
5887.000000,-1.167255e+03
5888.000000,-1.163835e+03
5889.000000,-1.160848e+03
5890.000000,-1.158344e+03
5891.000000,-1.155372e+03
5892.000000,-1.151934e+03
5893.000000,-1.148388e+03
5894.000000,-1.145318e+03
5895.000000,-1.142903e+03
5896.000000,-1.140689e+03
5897.000000,-1.138135e+03
5898.000000,-1.135178e+03
5899.000000,-1.132758e+03
5900.000000,-1.130512e+03
5901.000000,-1.128552e+03
5902.000000,-1.126827e+03
5903.000000,-1.125060e+03
5904.000000,-1.123068e+03
5905.000000,-1.120504e+03
5906.000000,-1.118702e+03
5907.000000,-1.116962e+03
5908.000000,-1.115498e+03
5909.000000,-1.113331e+03
5910.000000,-1.110738e+03
5911.000000,-1.108087e+03
5912.000000,-1.106061e+03
5913.000000,-1.104079e+03
5914.000000,-1.102424e+03
5915.000000,-1.100597e+03
5916.000000,-1.098887e+03
5917.000000,-1.097347e+03
5918.000000,-1.095811e+03
5919.000000,-1.094214e+03
5920.000000,-1.092920e+03
5921.000000,-1.091537e+03
5922.000000,-1.089281e+03
5923.000000,-1.086801e+03
5924.000000,-1.086098e+03
5925.000000,-1.085764e+03
5926.000000,-1.085327e+03
5927.000000,-1.084461e+03
5928.000000,-1.083120e+03
5929.000000,-1.081899e+03
5930.000000,-1.080920e+03
5931.000000,-1.079982e+03
5932.000000,-1.079644e+03
5933.000000,-1.079290e+03
5934.000000,-1.079019e+03
5935.000000,-1.079467e+03
5936.000000,-1.079852e+03
5937.000000,-1.080075e+03
5938.000000,-1.079484e+03
5939.000000,-1.079000e+03
5940.000000,-1.078573e+03
5941.000000,-1.079238e+03
5942.000000,-1.079813e+03
5943.000000,-1.079647e+03
5944.000000,-1.080578e+03
5945.000000,-1.080085e+03
5946.000000,-1.080444e+03
5947.000000,-1.079813e+03
5948.000000,-1.079561e+03
5949.000000,-1.078382e+03
5950.000000,-1.076470e+03
5951.000000,-1.076687e+03
5952.000000,-1.076151e+03
5953.000000,-1.076438e+03
5954.000000,-1.075953e+03
5955.000000,-1.075566e+03
5956.000000,-1.075122e+03
5957.000000,-1.074985e+03
5958.000000,-1.074286e+03
5959.000000,-1.074264e+03
5960.000000,-1.073267e+03
5961.000000,-1.072830e+03
5962.000000,-1.072677e+03
5963.000000,-1.071283e+03
5964.000000,-1.070248e+03
5965.000000,-1.068453e+03
5966.000000,-1.066976e+03
5967.000000,-1.066409e+03
5968.000000,-1.065667e+03
5969.000000,-1.064726e+03
5970.000000,-1.063239e+03
5971.000000,-1.062191e+03
5972.000000,-1.061397e+03
5973.000000,-1.060831e+03
5974.000000,-1.060208e+03
5975.000000,-1.059134e+03
5976.000000,-1.058664e+03
5977.000000,-1.058558e+03
5978.000000,-1.058662e+03
5979.000000,-1.058887e+03
5980.000000,-1.059466e+03
5981.000000,-1.059661e+03
5982.000000,-1.058938e+03
5983.000000,-1.058781e+03
5984.000000,-1.058563e+03
5985.000000,-1.059541e+03
5986.000000,-1.059468e+03
5987.000000,-1.059560e+03
5988.000000,-1.059823e+03
5989.000000,-1.059880e+03
5990.000000,-1.060316e+03
5991.000000,-1.061314e+03
5992.000000,-1.061121e+03
5993.000000,-1.061071e+03
5994.000000,-1.061350e+03
5995.000000,-1.061968e+03
5996.000000,-1.062715e+03
5997.000000,-1.062622e+03
5998.000000,-1.061875e+03
5999.000000,-1.061740e+03
6000.000000,-1.062302e+03
6001.000000,-1.062292e+03
6002.000000,-1.062285e+03
6003.000000,-1.061956e+03
6004.000000,-1.061968e+03
6005.000000,-1.063425e+03
6006.000000,-1.063714e+03
6007.000000,-1.064505e+03
6008.000000,-1.065476e+03
6009.000000,-1.065857e+03
6010.000000,-1.065972e+03
6011.000000,-1.066734e+03
6012.000000,-1.066545e+03
6013.000000,-1.066214e+03
6014.000000,-1.066241e+03
6015.000000,-1.066727e+03
6016.000000,-1.067204e+03
6017.000000,-1.066956e+03
6018.000000,-1.067513e+03
6019.000000,-1.067168e+03
6020.000000,-1.067213e+03
6021.000000,-1.067411e+03
6022.000000,-1.068213e+03
6023.000000,-1.068378e+03
6024.000000,-1.068190e+03
6025.000000,-1.068654e+03
6026.000000,-1.068410e+03
6027.000000,-1.068251e+03
6028.000000,-1.068313e+03
6029.000000,-1.067904e+03
6030.000000,-1.068509e+03
6031.000000,-1.068015e+03
6032.000000,-1.066741e+03
6033.000000,-1.065497e+03
6034.000000,-1.064777e+03
6035.000000,-1.064496e+03
6036.000000,-1.064423e+03
6037.000000,-1.064189e+03
6038.000000,-1.063615e+03
6039.000000,-1.063443e+03
6040.000000,-1.062564e+03
6041.000000,-1.061152e+03
6042.000000,-1.060744e+03
6043.000000,-1.061085e+03
6044.000000,-1.061404e+03
6045.000000,-1.060840e+03
6046.000000,-1.060418e+03
6047.000000,-1.059698e+03
6048.000000,-1.059462e+03
6049.000000,-1.058805e+03
6050.000000,-1.058572e+03
6051.000000,-1.058653e+03
6052.000000,-1.058663e+03
6053.000000,-1.058779e+03
6054.000000,-1.057644e+03
6055.000000,-1.057174e+03
6056.000000,-1.056602e+03
6057.000000,-1.056566e+03
6058.000000,-1.056798e+03
6059.000000,-1.056624e+03
6060.000000,-1.055905e+03
6061.000000,-1.055808e+03
6062.000000,-1.055860e+03
6063.000000,-1.055415e+03
6064.000000,-1.054640e+03
6065.000000,-1.053393e+03
6066.000000,-1.052646e+03
6067.000000,-1.051936e+03
6068.000000,-1.051408e+03
6069.000000,-1.051818e+03
6070.000000,-1.052356e+03
6071.000000,-1.053001e+03
6072.000000,-1.053614e+03
6073.000000,-1.053329e+03
6074.000000,-1.053120e+03
6075.000000,-1.053187e+03
6076.000000,-1.054130e+03
6077.000000,-1.053385e+03
6078.000000,-1.053467e+03
6079.000000,-1.052710e+03
6080.000000,-1.053333e+03
6081.000000,-1.054062e+03
6082.000000,-1.055238e+03
6083.000000,-1.055485e+03
6084.000000,-1.056154e+03
6085.000000,-1.056841e+03
6086.000000,-1.057392e+03
6087.000000,-1.056906e+03
6088.000000,-1.056132e+03
6089.000000,-1.054987e+03
6090.000000,-1.054807e+03
6091.000000,-1.054511e+03
6092.000000,-1.054764e+03
6093.000000,-1.054674e+03
6094.000000,-1.054459e+03
6095.000000,-1.053714e+03
6096.000000,-1.052592e+03
6097.000000,-1.051523e+03
6098.000000,-1.051133e+03
6099.000000,-1.050132e+03
6100.000000,-1.049509e+03
6101.000000,-1.049090e+03
6102.000000,-1.048807e+03
6103.000000,-1.048288e+03
6104.000000,-1.046773e+03
6105.000000,-1.045687e+03
6106.000000,-1.044709e+03
6107.000000,-1.043738e+03
6108.000000,-1.041688e+03
6109.000000,-1.040137e+03
6110.000000,-1.039585e+03
6111.000000,-1.039040e+03
6112.000000,-1.038487e+03
6113.000000,-1.037842e+03
6114.000000,-1.037478e+03
6115.000000,-1.036626e+03
6116.000000,-1.035456e+03
6117.000000,-1.035452e+03
6118.000000,-1.035488e+03
6119.000000,-1.035182e+03
6120.000000,-1.034574e+03
6121.000000,-1.032876e+03
6122.000000,-1.031430e+03
6123.000000,-1.030172e+03
6124.000000,-1.029505e+03
6125.000000,-1.029049e+03
6126.000000,-1.028969e+03
6127.000000,-1.027985e+03
6128.000000,-1.026910e+03
6129.000000,-1.025594e+03
6130.000000,-1.024890e+03
6131.000000,-1.024277e+03
6132.000000,-1.023523e+03
6133.000000,-1.022625e+03
6134.000000,-1.022618e+03
6135.000000,-1.021894e+03
6136.000000,-1.021471e+03
6137.000000,-1.021615e+03
6138.000000,-1.022084e+03
6139.000000,-1.021569e+03
6140.000000,-1.020092e+03
6141.000000,-1.018397e+03
6142.000000,-1.017122e+03
6143.000000,-1.015385e+03
6144.000000,-1.014455e+03
6145.000000,-1.013418e+03
6146.000000,-1.013076e+03
6147.000000,-1.012979e+03
6148.000000,-1.013118e+03
6149.000000,-1.013710e+03
6150.000000,-1.013054e+03
6151.000000,-1.013040e+03
6152.000000,-1.013202e+03
6153.000000,-1.013409e+03
6154.000000,-1.013022e+03
6155.000000,-1.011639e+03
6156.000000,-1.010215e+03
6157.000000,-1.010361e+03
6158.000000,-1.010244e+03
6159.000000,-1.010243e+03
6160.000000,-1.009429e+03
6161.000000,-1.008833e+03
6162.000000,-1.008617e+03
6163.000000,-1.008156e+03
6164.000000,-1.007737e+03
6165.000000,-1.006498e+03
6166.000000,-1.005620e+03
6167.000000,-1.004997e+03
6168.000000,-1.005680e+03
6169.000000,-1.005316e+03
6170.000000,-1.003909e+03
6171.000000,-1.002931e+03
6172.000000,-1.003340e+03
6173.000000,-1.003383e+03
6174.000000,-1.003580e+03
6175.000000,-1.002671e+03
6176.000000,-1.002332e+03
6177.000000,-1.002564e+03
6178.000000,-1.002754e+03
6179.000000,-1.004007e+03
6180.000000,-1.004680e+03
6181.000000,-1.004695e+03
6182.000000,-1.004396e+03
6183.000000,-1.005114e+03
6184.000000,-1.005187e+03
6185.000000,-1.004653e+03
6186.000000,-1.004925e+03
6187.000000,-1.004537e+03
6188.000000,-1.003955e+03
6189.000000,-1.002734e+03
6190.000000,-1.002243e+03
6191.000000,-1.001809e+03
6192.000000,-1.001089e+03
6193.000000,-1.001218e+03
6194.000000,-1.001000e+03
6195.000000,-1.000767e+03
6196.000000,-1.000295e+03
6197.000000,-9.993471e+02
6198.000000,-9.985069e+02
6199.000000,-9.981787e+02
6200.000000,-9.974534e+02
6201.000000,-9.962351e+02
6202.000000,-9.958947e+02
6203.000000,-9.953206e+02
6204.000000,-9.948458e+02
6205.000000,-9.944323e+02
6206.000000,-9.944787e+02
6207.000000,-9.933895e+02
6208.000000,-9.929137e+02
6209.000000,-9.918440e+02
6210.000000,-9.913285e+02
6211.000000,-9.907556e+02
6212.000000,-9.893310e+02
6213.000000,-9.879080e+02
6214.000000,-9.867898e+02
6215.000000,-9.855743e+02
6216.000000,-9.847954e+02
6217.000000,-9.840234e+02
6218.000000,-9.834221e+02
6219.000000,-9.822580e+02
6220.000000,-9.815394e+02
6221.000000,-9.800605e+02
6222.000000,-9.792058e+02
6223.000000,-9.782764e+02
6224.000000,-9.770624e+02
6225.000000,-9.761594e+02
6226.000000,-9.754314e+02
6227.000000,-9.745643e+02
6228.000000,-9.733794e+02
6229.000000,-9.727780e+02
6230.000000,-9.720144e+02
6231.000000,-9.710801e+02
6232.000000,-9.697916e+02
6233.000000,-9.687454e+02
6234.000000,-9.670708e+02
6235.000000,-9.662060e+02
6236.000000,-9.655774e+02
6237.000000,-9.650717e+02
6238.000000,-9.650803e+02
6239.000000,-9.649763e+02
6240.000000,-9.644718e+02
6241.000000,-9.631877e+02
6242.000000,-9.622361e+02
6243.000000,-9.613520e+02
6244.000000,-9.596614e+02
6245.000000,-9.577196e+02
6246.000000,-9.560141e+02
6247.000000,-9.552462e+02
6248.000000,-9.543404e+02
6249.000000,-9.525221e+02
6250.000000,-9.512902e+02
6251.000000,-9.503346e+02
6252.000000,-9.490102e+02
6253.000000,-9.476465e+02
6254.000000,-9.469663e+02
6255.000000,-9.460732e+02
6256.000000,-9.450415e+02
6257.000000,-9.448981e+02
6258.000000,-9.445195e+02
6259.000000,-9.446097e+02
6260.000000,-9.446973e+02
6261.000000,-9.445160e+02
6262.000000,-9.438756e+02
6263.000000,-9.435096e+02
6264.000000,-9.432653e+02
6265.000000,-9.427662e+02
6266.000000,-9.425912e+02
6267.000000,-9.416939e+02
6268.000000,-9.404113e+02
6269.000000,-9.395911e+02
6270.000000,-9.388500e+02
6271.000000,-9.379748e+02
6272.000000,-9.378792e+02
6273.000000,-9.365659e+02
6274.000000,-9.340926e+02
6275.000000,-9.328142e+02
6276.000000,-9.316454e+02
6277.000000,-9.300686e+02
6278.000000,-9.281220e+02
6279.000000,-9.266320e+02
6280.000000,-9.264050e+02
6281.000000,-9.250955e+02
6282.000000,-9.229019e+02
6283.000000,-9.216119e+02
6284.000000,-9.212127e+02
6285.000000,-9.204923e+02
6286.000000,-9.202856e+02
6287.000000,-9.192574e+02
6288.000000,-9.190085e+02
6289.000000,-9.185290e+02
6290.000000,-9.183812e+02
6291.000000,-9.180439e+02
6292.000000,-9.169008e+02
6293.000000,-9.163391e+02
6294.000000,-9.162595e+02
6295.000000,-9.165939e+02
6296.000000,-9.172482e+02
6297.000000,-9.175387e+02
6298.000000,-9.170373e+02
6299.000000,-9.160585e+02
6300.000000,-9.154879e+02
6301.000000,-9.141866e+02
6302.000000,-9.137117e+02
6303.000000,-9.131866e+02
6304.000000,-9.128302e+02
6305.000000,-9.115244e+02
6306.000000,-9.098043e+02
6307.000000,-9.096011e+02
6308.000000,-9.089060e+02
6309.000000,-9.075613e+02
6310.000000,-9.071158e+02
6311.000000,-9.058389e+02
6312.000000,-9.041510e+02
6313.000000,-9.028136e+02
6314.000000,-9.012130e+02
6315.000000,-8.990477e+02
6316.000000,-8.969070e+02
6317.000000,-8.957538e+02
6318.000000,-8.950640e+02
6319.000000,-8.945566e+02
6320.000000,-8.934447e+02
6321.000000,-8.931911e+02
6322.000000,-8.925614e+02
6323.000000,-8.917001e+02
6324.000000,-8.909630e+02
6325.000000,-8.897206e+02
6326.000000,-8.875641e+02
6327.000000,-8.864576e+02
6328.000000,-8.855823e+02
6329.000000,-8.841840e+02
6330.000000,-8.830194e+02
6331.000000,-8.815488e+02
6332.000000,-8.807258e+02
6333.000000,-8.804234e+02
6334.000000,-8.809399e+02
6335.000000,-8.815744e+02
6336.000000,-8.821515e+02
6337.000000,-8.818167e+02
6338.000000,-8.818501e+02
6339.000000,-8.808477e+02
6340.000000,-8.801818e+02
6341.000000,-8.797187e+02
6342.000000,-8.794232e+02
6343.000000,-8.785914e+02
6344.000000,-8.782413e+02
6345.000000,-8.778612e+02
6346.000000,-8.765126e+02
6347.000000,-8.753666e+02
6348.000000,-8.744041e+02
6349.000000,-8.731005e+02
6350.000000,-8.719490e+02
6351.000000,-8.706971e+02
6352.000000,-8.697085e+02
6353.000000,-8.676400e+02
6354.000000,-8.663680e+02
6355.000000,-8.643961e+02
6356.000000,-8.629637e+02
6357.000000,-8.611998e+02
6358.000000,-8.593755e+02
6359.000000,-8.575003e+02
6360.000000,-8.563493e+02
6361.000000,-8.544642e+02
6362.000000,-8.522920e+02
6363.000000,-8.510378e+02
6364.000000,-8.498740e+02
6365.000000,-8.489770e+02
6366.000000,-8.479443e+02
6367.000000,-8.461725e+02
6368.000000,-8.454452e+02
6369.000000,-8.446649e+02
6370.000000,-8.427973e+02
6371.000000,-8.411037e+02
6372.000000,-8.390053e+02
6373.000000,-8.379867e+02
6374.000000,-8.370333e+02
6375.000000,-8.364406e+02
6376.000000,-8.357243e+02
6377.000000,-8.356687e+02
6378.000000,-8.346826e+02
6379.000000,-8.337296e+02
6380.000000,-8.329851e+02
6381.000000,-8.324424e+02
6382.000000,-8.320400e+02
6383.000000,-8.310364e+02
6384.000000,-8.305893e+02
6385.000000,-8.293702e+02
6386.000000,-8.273871e+02
6387.000000,-8.257807e+02
6388.000000,-8.255094e+02
6389.000000,-8.250200e+02
6390.000000,-8.241302e+02
6391.000000,-8.234918e+02
6392.000000,-8.233224e+02
6393.000000,-8.224442e+02
6394.000000,-8.214641e+02
6395.000000,-8.197793e+02
6396.000000,-8.188597e+02
6397.000000,-8.176636e+02
6398.000000,-8.174790e+02
6399.000000,-8.172762e+02
6400.000000,-8.162930e+02
6401.000000,-8.152017e+02
6402.000000,-8.149526e+02
6403.000000,-8.145281e+02
6404.000000,-8.146064e+02
6405.000000,-8.141889e+02
6406.000000,-8.133237e+02
6407.000000,-8.129496e+02
6408.000000,-8.126191e+02
6409.000000,-8.126195e+02
6410.000000,-8.122912e+02
6411.000000,-8.109695e+02
6412.000000,-8.103055e+02
6413.000000,-8.102019e+02
6414.000000,-8.099552e+02
6415.000000,-8.101619e+02
6416.000000,-8.099565e+02
6417.000000,-8.086571e+02
6418.000000,-8.076515e+02
6419.000000,-8.059112e+02
6420.000000,-8.049187e+02
6421.000000,-8.040217e+02
6422.000000,-8.030588e+02
6423.000000,-8.033221e+02
6424.000000,-8.024792e+02
6425.000000,-8.013992e+02
6426.000000,-7.996128e+02
6427.000000,-7.980302e+02
6428.000000,-7.972418e+02
6429.000000,-7.956345e+02
6430.000000,-7.945755e+02
6431.000000,-7.937777e+02
6432.000000,-7.924928e+02
6433.000000,-7.911240e+02
6434.000000,-7.889942e+02
6435.000000,-7.872010e+02
6436.000000,-7.854219e+02
6437.000000,-7.832708e+02
6438.000000,-7.809591e+02
6439.000000,-7.786967e+02
6440.000000,-7.762166e+02
6441.000000,-7.740889e+02
6442.000000,-7.721636e+02
6443.000000,-7.698969e+02
6444.000000,-7.681386e+02
6445.000000,-7.662937e+02
6446.000000,-7.637208e+02
6447.000000,-7.612115e+02
6448.000000,-7.594817e+02
6449.000000,-7.579797e+02
6450.000000,-7.557680e+02
6451.000000,-7.538169e+02
6452.000000,-7.522206e+02
6453.000000,-7.509701e+02
6454.000000,-7.495686e+02
6455.000000,-7.483653e+02
6456.000000,-7.474391e+02
6457.000000,-7.461946e+02
6458.000000,-7.448530e+02
6459.000000,-7.436559e+02
6460.000000,-7.418767e+02
6461.000000,-7.398593e+02
6462.000000,-7.380447e+02
6463.000000,-7.367817e+02
6464.000000,-7.352460e+02
6465.000000,-7.340682e+02
6466.000000,-7.333887e+02
6467.000000,-7.319512e+02
6468.000000,-7.304350e+02
6469.000000,-7.279390e+02
6470.000000,-7.258887e+02
6471.000000,-7.243947e+02
6472.000000,-7.233417e+02
6473.000000,-7.226421e+02
6474.000000,-7.226813e+02
6475.000000,-7.232077e+02
6476.000000,-7.234474e+02
6477.000000,-7.234458e+02
6478.000000,-7.241941e+02
6479.000000,-7.243392e+02
6480.000000,-7.242097e+02
6481.000000,-7.240008e+02
6482.000000,-7.238730e+02
6483.000000,-7.234357e+02
6484.000000,-7.220924e+02
6485.000000,-7.211496e+02
6486.000000,-7.207956e+02
6487.000000,-7.203503e+02
6488.000000,-7.199404e+02
6489.000000,-7.198611e+02
6490.000000,-7.197198e+02
6491.000000,-7.188885e+02
6492.000000,-7.186012e+02
6493.000000,-7.186208e+02
6494.000000,-7.181971e+02
6495.000000,-7.177127e+02
6496.000000,-7.179105e+02
6497.000000,-7.171920e+02
6498.000000,-7.158077e+02
6499.000000,-7.142626e+02
6500.000000,-7.118731e+02
6501.000000,-7.096979e+02
6502.000000,-7.073938e+02
6503.000000,-7.046617e+02
6504.000000,-7.028881e+02
6505.000000,-7.015957e+02
6506.000000,-7.002476e+02
6507.000000,-6.996315e+02
6508.000000,-6.989914e+02
6509.000000,-6.986926e+02
6510.000000,-6.981426e+02
6511.000000,-6.980644e+02
6512.000000,-6.980780e+02
6513.000000,-6.977324e+02
6514.000000,-6.977528e+02
6515.000000,-6.986172e+02
6516.000000,-6.993774e+02
6517.000000,-6.999026e+02
6518.000000,-7.000921e+02
6519.000000,-6.995557e+02
6520.000000,-6.988231e+02
6521.000000,-6.976264e+02
6522.000000,-6.964140e+02
6523.000000,-6.950695e+02
6524.000000,-6.939157e+02
6525.000000,-6.929234e+02
6526.000000,-6.916029e+02
6527.000000,-6.904023e+02
6528.000000,-6.894911e+02
6529.000000,-6.885509e+02
6530.000000,-6.891027e+02
6531.000000,-6.890134e+02
6532.000000,-6.887283e+02
6533.000000,-6.877778e+02
6534.000000,-6.867603e+02
6535.000000,-6.869372e+02
6536.000000,-6.863070e+02
6537.000000,-6.867243e+02
6538.000000,-6.873032e+02
6539.000000,-6.875244e+02
6540.000000,-6.878025e+02
6541.000000,-6.884404e+02
6542.000000,-6.881423e+02
6543.000000,-6.876353e+02
6544.000000,-6.870533e+02
6545.000000,-6.870946e+02
6546.000000,-6.871208e+02
6547.000000,-6.871049e+02
6548.000000,-6.867104e+02
6549.000000,-6.881544e+02
6550.000000,-6.890614e+02
6551.000000,-6.895234e+02
6552.000000,-6.903390e+02
6553.000000,-6.908130e+02
6554.000000,-6.911765e+02
6555.000000,-6.916762e+02
6556.000000,-6.918249e+02
6557.000000,-6.917228e+02
6558.000000,-6.919710e+02
6559.000000,-6.923670e+02
6560.000000,-6.926573e+02
6561.000000,-6.929686e+02
6562.000000,-6.938588e+02
6563.000000,-6.938936e+02
6564.000000,-6.940144e+02
6565.000000,-6.934314e+02
6566.000000,-6.929921e+02
6567.000000,-6.925218e+02
6568.000000,-6.929990e+02
6569.000000,-6.934474e+02
6570.000000,-6.942110e+02
6571.000000,-6.946556e+02
6572.000000,-6.941748e+02
6573.000000,-6.936426e+02
6574.000000,-6.942366e+02
6575.000000,-6.947330e+02
6576.000000,-6.950635e+02
6577.000000,-6.952882e+02
6578.000000,-6.965340e+02
6579.000000,-6.977604e+02
6580.000000,-6.982027e+02
6581.000000,-6.994344e+02
6582.000000,-7.000309e+02
6583.000000,-7.001660e+02
6584.000000,-7.000966e+02
6585.000000,-7.001822e+02
6586.000000,-7.002689e+02
6587.000000,-6.998260e+02
6588.000000,-6.995678e+02
6589.000000,-6.996501e+02
6590.000000,-6.994057e+02
6591.000000,-6.988196e+02
6592.000000,-6.976410e+02
6593.000000,-6.967670e+02
6594.000000,-6.959322e+02
6595.000000,-6.959436e+02
6596.000000,-6.960904e+02
6597.000000,-6.961433e+02
6598.000000,-6.961870e+02
6599.000000,-6.964337e+02
6600.000000,-6.957327e+02
6601.000000,-6.951159e+02
6602.000000,-6.949862e+02
6603.000000,-6.945797e+02
6604.000000,-6.943347e+02
6605.000000,-6.940926e+02
6606.000000,-6.947131e+02
6607.000000,-6.949895e+02
6608.000000,-6.951737e+02
6609.000000,-6.952007e+02
6610.000000,-6.958962e+02
6611.000000,-6.974228e+02
6612.000000,-6.983340e+02
6613.000000,-6.986046e+02
6614.000000,-6.985293e+02
6615.000000,-6.977143e+02
6616.000000,-6.972628e+02
6617.000000,-6.971047e+02
6618.000000,-6.969857e+02
6619.000000,-6.965323e+02
6620.000000,-6.967585e+02
6621.000000,-6.969752e+02
6622.000000,-6.974406e+02
6623.000000,-6.969487e+02
6624.000000,-6.968302e+02
6625.000000,-6.972493e+02
6626.000000,-6.974775e+02
6627.000000,-6.974993e+02
6628.000000,-6.978693e+02
6629.000000,-6.984582e+02
6630.000000,-6.990898e+02
6631.000000,-6.993735e+02
6632.000000,-6.999302e+02
6633.000000,-7.006403e+02
6634.000000,-7.016524e+02
6635.000000,-7.020953e+02
6636.000000,-7.025228e+02
6637.000000,-7.029374e+02
6638.000000,-7.030454e+02
6639.000000,-7.028622e+02
6640.000000,-7.026856e+02
6641.000000,-7.026842e+02
6642.000000,-7.031462e+02
6643.000000,-7.039174e+02
6644.000000,-7.049567e+02
6645.000000,-7.058329e+02
6646.000000,-7.064797e+02
6647.000000,-7.074081e+02
6648.000000,-7.080762e+02
6649.000000,-7.091980e+02
6650.000000,-7.105219e+02
6651.000000,-7.108600e+02
6652.000000,-7.115959e+02
6653.000000,-7.125205e+02
6654.000000,-7.134126e+02
6655.000000,-7.135304e+02
6656.000000,-7.131722e+02
6657.000000,-7.134759e+02
6658.000000,-7.137075e+02
6659.000000,-7.135111e+02
6660.000000,-7.142468e+02
6661.000000,-7.134913e+02
6662.000000,-7.126614e+02
6663.000000,-7.139608e+02
6664.000000,-7.145410e+02
6665.000000,-7.152521e+02
6666.000000,-7.158001e+02
6667.000000,-7.162911e+02
6668.000000,-7.163079e+02
6669.000000,-7.167019e+02
6670.000000,-7.174662e+02
6671.000000,-7.179399e+02
6672.000000,-7.181778e+02
6673.000000,-7.191219e+02
6674.000000,-7.201167e+02
6675.000000,-7.196737e+02
6676.000000,-7.200833e+02
6677.000000,-7.203974e+02
6678.000000,-7.206953e+02
6679.000000,-7.205094e+02
6680.000000,-7.198249e+02
6681.000000,-7.197890e+02
6682.000000,-7.208155e+02
6683.000000,-7.219324e+02
6684.000000,-7.226289e+02
6685.000000,-7.232672e+02
6686.000000,-7.243073e+02
6687.000000,-7.243393e+02
6688.000000,-7.247858e+02
6689.000000,-7.241146e+02
6690.000000,-7.232385e+02
6691.000000,-7.232265e+02
6692.000000,-7.231953e+02
6693.000000,-7.238131e+02
6694.000000,-7.238476e+02
6695.000000,-7.243253e+02
6696.000000,-7.250959e+02
6697.000000,-7.255398e+02
6698.000000,-7.259690e+02
6699.000000,-7.261976e+02
6700.000000,-7.259109e+02
6701.000000,-7.260989e+02
6702.000000,-7.254519e+02
6703.000000,-7.258036e+02
6704.000000,-7.252299e+02
6705.000000,-7.255765e+02
6706.000000,-7.256724e+02
6707.000000,-7.258757e+02
6708.000000,-7.259235e+02
6709.000000,-7.253612e+02
6710.000000,-7.244321e+02
6711.000000,-7.237266e+02
6712.000000,-7.237959e+02
6713.000000,-7.238840e+02
6714.000000,-7.244845e+02
6715.000000,-7.253132e+02
6716.000000,-7.262108e+02
6717.000000,-7.267684e+02
6718.000000,-7.270684e+02
6719.000000,-7.280846e+02
6720.000000,-7.282400e+02
6721.000000,-7.275812e+02
6722.000000,-7.270820e+02
6723.000000,-7.274324e+02
6724.000000,-7.281670e+02
6725.000000,-7.283239e+02
6726.000000,-7.293216e+02
6727.000000,-7.290052e+02
6728.000000,-7.288670e+02
6729.000000,-7.280885e+02
6730.000000,-7.285505e+02
6731.000000,-7.281463e+02
6732.000000,-7.280333e+02
6733.000000,-7.281224e+02
6734.000000,-7.284913e+02
6735.000000,-7.279808e+02
6736.000000,-7.271668e+02
6737.000000,-7.258799e+02
6738.000000,-7.249922e+02
6739.000000,-7.249334e+02
6740.000000,-7.252136e+02
6741.000000,-7.255018e+02
6742.000000,-7.246517e+02
6743.000000,-7.244009e+02
6744.000000,-7.233069e+02
6745.000000,-7.224848e+02
6746.000000,-7.218499e+02
6747.000000,-7.214627e+02
6748.000000,-7.207601e+02
6749.000000,-7.203251e+02
6750.000000,-7.200384e+02
6751.000000,-7.193692e+02
6752.000000,-7.190470e+02
6753.000000,-7.189660e+02
6754.000000,-7.183389e+02
6755.000000,-7.178684e+02
6756.000000,-7.172246e+02
6757.000000,-7.169532e+02
6758.000000,-7.168202e+02
6759.000000,-7.153884e+02
6760.000000,-7.138591e+02
6761.000000,-7.126956e+02
6762.000000,-7.121409e+02
6763.000000,-7.115642e+02
6764.000000,-7.103651e+02
6765.000000,-7.098334e+02
6766.000000,-7.093553e+02
6767.000000,-7.079087e+02
6768.000000,-7.070474e+02
6769.000000,-7.057102e+02
6770.000000,-7.055558e+02
6771.000000,-7.046986e+02
6772.000000,-7.032296e+02
6773.000000,-7.026443e+02
6774.000000,-7.024445e+02
6775.000000,-7.026028e+02
6776.000000,-7.020099e+02
6777.000000,-7.020738e+02
6778.000000,-7.020255e+02
6779.000000,-7.022463e+02
6780.000000,-7.013461e+02
6781.000000,-7.005335e+02
6782.000000,-7.003795e+02
6783.000000,-7.007013e+02
6784.000000,-7.001500e+02
6785.000000,-7.004188e+02
6786.000000,-7.012704e+02
6787.000000,-7.024610e+02
6788.000000,-7.032763e+02
6789.000000,-7.042764e+02
6790.000000,-7.048015e+02
6791.000000,-7.046531e+02
6792.000000,-7.047925e+02
6793.000000,-7.046639e+02
6794.000000,-7.048526e+02
6795.000000,-7.045876e+02
6796.000000,-7.035723e+02
6797.000000,-7.033734e+02
6798.000000,-7.031083e+02
6799.000000,-7.034581e+02
6800.000000,-7.026800e+02
6801.000000,-7.024603e+02
6802.000000,-7.017377e+02
6803.000000,-7.013808e+02
6804.000000,-7.007793e+02
6805.000000,-7.001924e+02
6806.000000,-7.000309e+02
6807.000000,-6.994112e+02
6808.000000,-6.994552e+02
6809.000000,-6.990553e+02
6810.000000,-6.990728e+02
6811.000000,-6.989413e+02
6812.000000,-6.991340e+02
6813.000000,-6.992624e+02
6814.000000,-6.997903e+02
6815.000000,-6.998388e+02
6816.000000,-6.999275e+02
6817.000000,-7.002567e+02
6818.000000,-7.003916e+02
6819.000000,-7.004640e+02
6820.000000,-7.007965e+02
6821.000000,-7.009669e+02
6822.000000,-7.012309e+02
6823.000000,-7.001272e+02
6824.000000,-6.994418e+02
6825.000000,-6.992272e+02
6826.000000,-6.990103e+02
6827.000000,-7.003105e+02
6828.000000,-7.020169e+02
6829.000000,-7.029035e+02
6830.000000,-7.039538e+02
6831.000000,-7.044432e+02
6832.000000,-7.045332e+02
6833.000000,-7.043395e+02
6834.000000,-7.048418e+02
6835.000000,-7.047834e+02
6836.000000,-7.047271e+02
6837.000000,-7.045526e+02
6838.000000,-7.045596e+02
6839.000000,-7.038450e+02
6840.000000,-7.035300e+02
6841.000000,-7.026557e+02
6842.000000,-7.027343e+02
6843.000000,-7.024125e+02
6844.000000,-7.024298e+02
6845.000000,-7.026421e+02
6846.000000,-7.026132e+02
6847.000000,-7.031700e+02
6848.000000,-7.048578e+02
6849.000000,-7.065393e+02
6850.000000,-7.062289e+02
6851.000000,-7.055066e+02
6852.000000,-7.045458e+02
6853.000000,-7.044548e+02
6854.000000,-7.050188e+02
6855.000000,-7.052561e+02
6856.000000,-7.052555e+02
6857.000000,-7.054109e+02
6858.000000,-7.043472e+02
6859.000000,-7.029400e+02
6860.000000,-7.023147e+02
6861.000000,-7.021366e+02
6862.000000,-7.024457e+02
6863.000000,-7.017257e+02
6864.000000,-7.015379e+02
6865.000000,-7.015896e+02
6866.000000,-7.014517e+02
6867.000000,-7.017369e+02
6868.000000,-7.018900e+02
6869.000000,-7.025402e+02
6870.000000,-7.022494e+02
6871.000000,-7.022426e+02
6872.000000,-7.018716e+02
6873.000000,-7.020631e+02
6874.000000,-7.024473e+02
6875.000000,-7.032375e+02
6876.000000,-7.033883e+02
6877.000000,-7.041347e+02
6878.000000,-7.048126e+02
6879.000000,-7.052732e+02
6880.000000,-7.057821e+02
6881.000000,-7.069831e+02
6882.000000,-7.075827e+02
6883.000000,-7.076960e+02
6884.000000,-7.082370e+02
6885.000000,-7.087577e+02
6886.000000,-7.091460e+02
6887.000000,-7.097023e+02
6888.000000,-7.106246e+02
6889.000000,-7.111187e+02
6890.000000,-7.112553e+02
6891.000000,-7.122038e+02
6892.000000,-7.130622e+02
6893.000000,-7.141937e+02
6894.000000,-7.144448e+02
6895.000000,-7.150608e+02
6896.000000,-7.160506e+02
6897.000000,-7.167954e+02
6898.000000,-7.180870e+02
6899.000000,-7.193992e+02
6900.000000,-7.208225e+02
6901.000000,-7.218656e+02
6902.000000,-7.218619e+02
6903.000000,-7.224584e+02
6904.000000,-7.226741e+02
6905.000000,-7.232386e+02
6906.000000,-7.232492e+02
6907.000000,-7.237977e+02
6908.000000,-7.239006e+02
6909.000000,-7.237048e+02
6910.000000,-7.225685e+02
6911.000000,-7.220745e+02
6912.000000,-7.221630e+02
6913.000000,-7.217442e+02
6914.000000,-7.209350e+02
6915.000000,-7.217224e+02
6916.000000,-7.224446e+02
6917.000000,-7.229351e+02
6918.000000,-7.234879e+02
6919.000000,-7.240660e+02
6920.000000,-7.248974e+02
6921.000000,-7.247575e+02
6922.000000,-7.255905e+02
6923.000000,-7.259707e+02
6924.000000,-7.258146e+02
6925.000000,-7.261393e+02
6926.000000,-7.269972e+02
6927.000000,-7.280270e+02
6928.000000,-7.286146e+02
6929.000000,-7.292606e+02
6930.000000,-7.295444e+02
6931.000000,-7.302575e+02
6932.000000,-7.300588e+02
6933.000000,-7.299480e+02
6934.000000,-7.297286e+02
6935.000000,-7.290681e+02
6936.000000,-7.291990e+02
6937.000000,-7.295887e+02
6938.000000,-7.299234e+02
6939.000000,-7.300991e+02
6940.000000,-7.302476e+02
6941.000000,-7.307488e+02
6942.000000,-7.316426e+02
6943.000000,-7.317754e+02
6944.000000,-7.312345e+02
6945.000000,-7.304539e+02
6946.000000,-7.289804e+02
6947.000000,-7.270349e+02
6948.000000,-7.254210e+02
6949.000000,-7.235732e+02
6950.000000,-7.218646e+02
6951.000000,-7.197697e+02
6952.000000,-7.176541e+02
6953.000000,-7.160254e+02
6954.000000,-7.147368e+02
6955.000000,-7.139756e+02
6956.000000,-7.133278e+02
6957.000000,-7.128242e+02
6958.000000,-7.120773e+02
6959.000000,-7.118715e+02
6960.000000,-7.116557e+02
6961.000000,-7.120739e+02
6962.000000,-7.108854e+02
6963.000000,-7.101603e+02
6964.000000,-7.091026e+02
6965.000000,-7.075785e+02
6966.000000,-7.064019e+02
6967.000000,-7.049306e+02
6968.000000,-7.043385e+02
6969.000000,-7.024085e+02
6970.000000,-7.009153e+02
6971.000000,-6.998898e+02
6972.000000,-6.986322e+02
6973.000000,-6.984899e+02
6974.000000,-6.980932e+02
6975.000000,-6.971518e+02
6976.000000,-6.974171e+02
6977.000000,-6.968378e+02
6978.000000,-6.960554e+02
6979.000000,-6.948992e+02
6980.000000,-6.950786e+02
6981.000000,-6.943239e+02
6982.000000,-6.944382e+02
6983.000000,-6.947917e+02
6984.000000,-6.955479e+02
6985.000000,-6.962556e+02
6986.000000,-6.964035e+02
6987.000000,-6.970184e+02
6988.000000,-6.970100e+02
6989.000000,-6.975465e+02
6990.000000,-6.983626e+02
6991.000000,-6.988374e+02
6992.000000,-6.988910e+02
6993.000000,-6.990814e+02
6994.000000,-6.990926e+02
6995.000000,-6.987674e+02
6996.000000,-6.983527e+02
6997.000000,-6.986182e+02
6998.000000,-6.992964e+02
6999.000000,-6.995855e+02
7000.000000,-6.998266e+02
7001.000000,-7.009050e+02
7002.000000,-7.018881e+02
7003.000000,-7.027496e+02
7004.000000,-7.034138e+02
7005.000000,-7.042057e+02
7006.000000,-7.045542e+02
7007.000000,-7.058341e+02
7008.000000,-7.071726e+02
7009.000000,-7.079384e+02
7010.000000,-7.085950e+02
7011.000000,-7.096793e+02
7012.000000,-7.103800e+02
7013.000000,-7.108429e+02
7014.000000,-7.111427e+02
7015.000000,-7.111231e+02
7016.000000,-7.111870e+02
7017.000000,-7.103338e+02
7018.000000,-7.097963e+02
7019.000000,-7.097655e+02
7020.000000,-7.093636e+02
7021.000000,-7.087659e+02
7022.000000,-7.077300e+02
7023.000000,-7.072648e+02
7024.000000,-7.062887e+02
7025.000000,-7.053943e+02
7026.000000,-7.038882e+02
7027.000000,-7.024356e+02
7028.000000,-7.015258e+02
7029.000000,-7.008625e+02
7030.000000,-6.999590e+02
7031.000000,-6.992163e+02
7032.000000,-6.978350e+02
7033.000000,-6.971301e+02
7034.000000,-6.968053e+02
7035.000000,-6.966351e+02
7036.000000,-6.967128e+02
7037.000000,-6.961292e+02
7038.000000,-6.958990e+02
7039.000000,-6.950121e+02
7040.000000,-6.949317e+02
7041.000000,-6.942704e+02
7042.000000,-6.932193e+02
7043.000000,-6.932303e+02
7044.000000,-6.916957e+02
7045.000000,-6.908664e+02
7046.000000,-6.898295e+02
7047.000000,-6.884796e+02
7048.000000,-6.869907e+02
7049.000000,-6.855598e+02
7050.000000,-6.837971e+02
7051.000000,-6.820621e+02
7052.000000,-6.798373e+02
7053.000000,-6.779905e+02
7054.000000,-6.756778e+02
7055.000000,-6.739541e+02
7056.000000,-6.732513e+02
7057.000000,-6.710188e+02
7058.000000,-6.698078e+02
7059.000000,-6.680083e+02
7060.000000,-6.667049e+02
7061.000000,-6.652110e+02
7062.000000,-6.643742e+02
7063.000000,-6.631649e+02
7064.000000,-6.621618e+02
7065.000000,-6.605291e+02
7066.000000,-6.593165e+02
7067.000000,-6.582331e+02
7068.000000,-6.584120e+02
7069.000000,-6.578860e+02
7070.000000,-6.570255e+02
7071.000000,-6.561727e+02
7072.000000,-6.550836e+02
7073.000000,-6.545471e+02
7074.000000,-6.538913e+02
7075.000000,-6.529827e+02
7076.000000,-6.533804e+02
7077.000000,-6.528121e+02
7078.000000,-6.524886e+02
7079.000000,-6.523405e+02
7080.000000,-6.515560e+02
7081.000000,-6.502701e+02
7082.000000,-6.490441e+02
7083.000000,-6.482893e+02
7084.000000,-6.472105e+02
7085.000000,-6.462110e+02
7086.000000,-6.457432e+02
7087.000000,-6.456696e+02
7088.000000,-6.455829e+02
7089.000000,-6.449663e+02
7090.000000,-6.447513e+02
7091.000000,-6.450966e+02
7092.000000,-6.456365e+02
7093.000000,-6.451705e+02
7094.000000,-6.450491e+02
7095.000000,-6.445371e+02
7096.000000,-6.437123e+02
7097.000000,-6.438657e+02
7098.000000,-6.436073e+02
7099.000000,-6.432732e+02
7100.000000,-6.426245e+02
7101.000000,-6.416908e+02
7102.000000,-6.416906e+02
7103.000000,-6.409786e+02
7104.000000,-6.400205e+02
7105.000000,-6.395555e+02
7106.000000,-6.391053e+02
7107.000000,-6.384157e+02
7108.000000,-6.377150e+02
7109.000000,-6.369295e+02
7110.000000,-6.362510e+02
7111.000000,-6.361508e+02
7112.000000,-6.353165e+02
7113.000000,-6.344139e+02
7114.000000,-6.341097e+02
7115.000000,-6.346068e+02
7116.000000,-6.346756e+02
7117.000000,-6.346733e+02
7118.000000,-6.352302e+02
7119.000000,-6.356008e+02
7120.000000,-6.362654e+02
7121.000000,-6.361258e+02
7122.000000,-6.361440e+02
7123.000000,-6.368299e+02
7124.000000,-6.367517e+02
7125.000000,-6.366788e+02
7126.000000,-6.364268e+02
7127.000000,-6.365666e+02
7128.000000,-6.369470e+02
7129.000000,-6.373037e+02
7130.000000,-6.374795e+02
7131.000000,-6.373194e+02
7132.000000,-6.370213e+02
7133.000000,-6.367906e+02
7134.000000,-6.365854e+02
7135.000000,-6.361057e+02
7136.000000,-6.344853e+02
7137.000000,-6.340193e+02
7138.000000,-6.333787e+02
7139.000000,-6.312066e+02
7140.000000,-6.301827e+02
7141.000000,-6.300081e+02
7142.000000,-6.291113e+02
7143.000000,-6.287415e+02
7144.000000,-6.277151e+02
7145.000000,-6.270266e+02
7146.000000,-6.263198e+02
7147.000000,-6.247335e+02
7148.000000,-6.234171e+02
7149.000000,-6.220023e+02
7150.000000,-6.208504e+02
7151.000000,-6.200503e+02
7152.000000,-6.187891e+02
7153.000000,-6.172446e+02
7154.000000,-6.160187e+02
7155.000000,-6.142121e+02
7156.000000,-6.128198e+02
7157.000000,-6.118544e+02
7158.000000,-6.110282e+02
7159.000000,-6.104319e+02
7160.000000,-6.104444e+02
7161.000000,-6.100483e+02
7162.000000,-6.094884e+02
7163.000000,-6.091189e+02
7164.000000,-6.084490e+02
7165.000000,-6.077985e+02
7166.000000,-6.068406e+02
7167.000000,-6.059203e+02
7168.000000,-6.053294e+02
7169.000000,-6.052614e+02
7170.000000,-6.040425e+02
7171.000000,-6.034831e+02
7172.000000,-6.030306e+02
7173.000000,-6.026761e+02
7174.000000,-6.022454e+02
7175.000000,-6.009061e+02
7176.000000,-5.995625e+02
7177.000000,-5.986942e+02
7178.000000,-5.981427e+02
7179.000000,-5.974119e+02
7180.000000,-5.969589e+02
7181.000000,-5.966777e+02
7182.000000,-5.962808e+02
7183.000000,-5.961856e+02
7184.000000,-5.958730e+02
7185.000000,-5.955511e+02
7186.000000,-5.951812e+02
7187.000000,-5.953045e+02
7188.000000,-5.950972e+02
7189.000000,-5.955695e+02
7190.000000,-5.960466e+02
7191.000000,-5.965406e+02
7192.000000,-5.971543e+02
7193.000000,-5.969900e+02
7194.000000,-5.975275e+02
7195.000000,-5.979226e+02
7196.000000,-5.975486e+02
7197.000000,-5.978149e+02
7198.000000,-5.980446e+02
7199.000000,-5.984606e+02
7200.000000,-5.980730e+02
7201.000000,-5.975332e+02
7202.000000,-5.970495e+02
7203.000000,-5.967279e+02
7204.000000,-5.967195e+02
7205.000000,-5.970620e+02
7206.000000,-5.974772e+02
7207.000000,-5.970589e+02
7208.000000,-5.968776e+02
7209.000000,-5.973940e+02
7210.000000,-5.977931e+02
7211.000000,-5.984379e+02
7212.000000,-5.994615e+02
7213.000000,-6.000757e+02
7214.000000,-6.009773e+02
7215.000000,-6.022406e+02
7216.000000,-6.037983e+02
7217.000000,-6.053427e+02
7218.000000,-6.062972e+02
7219.000000,-6.070178e+02
7220.000000,-6.078841e+02
7221.000000,-6.081001e+02
7222.000000,-6.084550e+02
7223.000000,-6.085957e+02
7224.000000,-6.090724e+02
7225.000000,-6.098124e+02
7226.000000,-6.102790e+02
7227.000000,-6.111568e+02
7228.000000,-6.113745e+02
7229.000000,-6.119540e+02
7230.000000,-6.118328e+02
7231.000000,-6.120238e+02
7232.000000,-6.117840e+02
7233.000000,-6.123453e+02
7234.000000,-6.127132e+02
7235.000000,-6.124581e+02
7236.000000,-6.116762e+02
7237.000000,-6.106716e+02
7238.000000,-6.102359e+02
7239.000000,-6.093015e+02
7240.000000,-6.091983e+02
7241.000000,-6.088679e+02
7242.000000,-6.094046e+02
7243.000000,-6.097644e+02
7244.000000,-6.112528e+02
7245.000000,-6.123175e+02
7246.000000,-6.126973e+02
7247.000000,-6.136059e+02
7248.000000,-6.137886e+02
7249.000000,-6.137359e+02
7250.000000,-6.143012e+02
7251.000000,-6.151404e+02
7252.000000,-6.158124e+02
7253.000000,-6.165765e+02
7254.000000,-6.168939e+02
7255.000000,-6.170029e+02
7256.000000,-6.170612e+02
7257.000000,-6.163536e+02
7258.000000,-6.163964e+02
7259.000000,-6.157780e+02
7260.000000,-6.159854e+02
7261.000000,-6.157472e+02
7262.000000,-6.149182e+02
7263.000000,-6.141140e+02
7264.000000,-6.139169e+02
7265.000000,-6.134085e+02
7266.000000,-6.129489e+02
7267.000000,-6.128211e+02
7268.000000,-6.121464e+02
7269.000000,-6.109360e+02
7270.000000,-6.102827e+02
7271.000000,-6.097395e+02
7272.000000,-6.093705e+02
7273.000000,-6.099020e+02
7274.000000,-6.098646e+02
7275.000000,-6.103374e+02
7276.000000,-6.105378e+02
7277.000000,-6.096432e+02
7278.000000,-6.096714e+02
7279.000000,-6.099660e+02
7280.000000,-6.096292e+02
7281.000000,-6.100788e+02
7282.000000,-6.103484e+02
7283.000000,-6.099349e+02
7284.000000,-6.100563e+02
7285.000000,-6.108124e+02
7286.000000,-6.107883e+02
7287.000000,-6.108939e+02
7288.000000,-6.102916e+02
7289.000000,-6.103769e+02
7290.000000,-6.098419e+02
7291.000000,-6.090907e+02
7292.000000,-6.094759e+02
7293.000000,-6.097735e+02
7294.000000,-6.099312e+02
7295.000000,-6.105787e+02
7296.000000,-6.108764e+02
7297.000000,-6.113531e+02
7298.000000,-6.118738e+02
7299.000000,-6.122904e+02
7300.000000,-6.127120e+02
7301.000000,-6.131785e+02
7302.000000,-6.140130e+02
7303.000000,-6.148870e+02
7304.000000,-6.155937e+02
7305.000000,-6.162940e+02
7306.000000,-6.171562e+02
7307.000000,-6.178745e+02
7308.000000,-6.194412e+02
7309.000000,-6.206217e+02
7310.000000,-6.215267e+02
7311.000000,-6.224352e+02
7312.000000,-6.223406e+02
7313.000000,-6.227718e+02
7314.000000,-6.232976e+02
7315.000000,-6.241225e+02
7316.000000,-6.249161e+02
7317.000000,-6.261766e+02
7318.000000,-6.271328e+02
7319.000000,-6.283312e+02
7320.000000,-6.293965e+02
7321.000000,-6.312302e+02
7322.000000,-6.322704e+02
7323.000000,-6.319373e+02
7324.000000,-6.315199e+02
7325.000000,-6.307983e+02
7326.000000,-6.300347e+02
7327.000000,-6.296525e+02
7328.000000,-6.298589e+02
7329.000000,-6.302350e+02
7330.000000,-6.297125e+02
7331.000000,-6.293115e+02
7332.000000,-6.280389e+02
7333.000000,-6.277115e+02
7334.000000,-6.266878e+02
7335.000000,-6.264139e+02
7336.000000,-6.256967e+02
7337.000000,-6.250220e+02
7338.000000,-6.256383e+02
7339.000000,-6.263510e+02
7340.000000,-6.273793e+02
7341.000000,-6.284477e+02
7342.000000,-6.287450e+02
7343.000000,-6.292823e+02
7344.000000,-6.297266e+02
7345.000000,-6.300835e+02
7346.000000,-6.312692e+02
7347.000000,-6.313102e+02
7348.000000,-6.317973e+02
7349.000000,-6.319754e+02
7350.000000,-6.320454e+02
7351.000000,-6.319512e+02
7352.000000,-6.326664e+02
7353.000000,-6.343148e+02
7354.000000,-6.351963e+02
7355.000000,-6.359944e+02
7356.000000,-6.372706e+02
7357.000000,-6.381506e+02
7358.000000,-6.392525e+02
7359.000000,-6.406840e+02
7360.000000,-6.413591e+02
7361.000000,-6.424105e+02
7362.000000,-6.434265e+02
7363.000000,-6.443090e+02
7364.000000,-6.444979e+02
7365.000000,-6.451039e+02
7366.000000,-6.457468e+02
7367.000000,-6.465327e+02
7368.000000,-6.468898e+02
7369.000000,-6.468450e+02
7370.000000,-6.470989e+02
7371.000000,-6.474865e+02
7372.000000,-6.481718e+02
7373.000000,-6.498462e+02
7374.000000,-6.515160e+02
7375.000000,-6.530105e+02
7376.000000,-6.548048e+02
7377.000000,-6.568888e+02
7378.000000,-6.593376e+02
7379.000000,-6.615192e+02
7380.000000,-6.631225e+02
7381.000000,-6.645448e+02
7382.000000,-6.661369e+02
7383.000000,-6.673496e+02
7384.000000,-6.685810e+02
7385.000000,-6.692052e+02
7386.000000,-6.702250e+02
7387.000000,-6.710052e+02
7388.000000,-6.721068e+02
7389.000000,-6.739219e+02
7390.000000,-6.753807e+02
7391.000000,-6.772084e+02
7392.000000,-6.786439e+02
7393.000000,-6.801948e+02
7394.000000,-6.813623e+02
7395.000000,-6.830720e+02
7396.000000,-6.842084e+02
7397.000000,-6.849483e+02
7398.000000,-6.855829e+02
7399.000000,-6.868552e+02
7400.000000,-6.878818e+02
7401.000000,-6.887265e+02
7402.000000,-6.891715e+02
7403.000000,-6.908339e+02
7404.000000,-6.922579e+02
7405.000000,-6.922848e+02
7406.000000,-6.936337e+02
7407.000000,-6.959035e+02
7408.000000,-6.979210e+02
7409.000000,-7.006542e+02
7410.000000,-7.021464e+02
7411.000000,-7.032689e+02
7412.000000,-7.050558e+02
7413.000000,-7.066817e+02
7414.000000,-7.078731e+02
7415.000000,-7.101470e+02
7416.000000,-7.123368e+02
7417.000000,-7.140456e+02
7418.000000,-7.158483e+02
7419.000000,-7.174758e+02
7420.000000,-7.193346e+02
7421.000000,-7.205453e+02
7422.000000,-7.216971e+02
7423.000000,-7.225272e+02
7424.000000,-7.234317e+02
7425.000000,-7.244361e+02
7426.000000,-7.260243e+02
7427.000000,-7.268786e+02
7428.000000,-7.279073e+02
7429.000000,-7.287722e+02
7430.000000,-7.291284e+02
7431.000000,-7.299970e+02
7432.000000,-7.300307e+02
7433.000000,-7.299733e+02
7434.000000,-7.303851e+02
7435.000000,-7.317384e+02
7436.000000,-7.335849e+02
7437.000000,-7.341503e+02
7438.000000,-7.349738e+02
7439.000000,-7.360961e+02
7440.000000,-7.365554e+02
7441.000000,-7.377699e+02
7442.000000,-7.388617e+02
7443.000000,-7.395994e+02
7444.000000,-7.408977e+02
7445.000000,-7.417271e+02
7446.000000,-7.419714e+02
7447.000000,-7.424287e+02
7448.000000,-7.425161e+02
7449.000000,-7.427530e+02
7450.000000,-7.437398e+02
7451.000000,-7.458441e+02
7452.000000,-7.475022e+02
7453.000000,-7.484144e+02
7454.000000,-7.500943e+02
7455.000000,-7.512712e+02
7456.000000,-7.519634e+02
7457.000000,-7.522130e+02
7458.000000,-7.532691e+02
7459.000000,-7.544441e+02
7460.000000,-7.553283e+02
7461.000000,-7.560098e+02
7462.000000,-7.567896e+02
7463.000000,-7.571743e+02
7464.000000,-7.582326e+02
7465.000000,-7.589765e+02
7466.000000,-7.595621e+02
7467.000000,-7.604045e+02
7468.000000,-7.607825e+02
7469.000000,-7.613518e+02
7470.000000,-7.617422e+02
7471.000000,-7.623928e+02
7472.000000,-7.631218e+02
7473.000000,-7.643265e+02
7474.000000,-7.655302e+02
7475.000000,-7.660122e+02
7476.000000,-7.668157e+02
7477.000000,-7.684049e+02
7478.000000,-7.698165e+02
7479.000000,-7.722213e+02
7480.000000,-7.739184e+02
7481.000000,-7.749181e+02
7482.000000,-7.763153e+02
7483.000000,-7.778916e+02
7484.000000,-7.806828e+02
7485.000000,-7.824473e+02
7486.000000,-7.836720e+02
7487.000000,-7.847183e+02
7488.000000,-7.856129e+02
7489.000000,-7.870489e+02
7490.000000,-7.886953e+02
7491.000000,-7.908774e+02
7492.000000,-7.927834e+02
7493.000000,-7.951483e+02
7494.000000,-7.977656e+02
7495.000000,-7.998763e+02
7496.000000,-8.008571e+02
7497.000000,-8.024002e+02
7498.000000,-8.038905e+02
7499.000000,-8.057933e+02
7500.000000,-8.081825e+02
7501.000000,-8.096739e+02
7502.000000,-8.122582e+02
7503.000000,-8.142737e+02
7504.000000,-8.159418e+02
7505.000000,-8.175143e+02
7506.000000,-8.195495e+02
7507.000000,-8.220687e+02
7508.000000,-8.241565e+02
7509.000000,-8.260870e+02
7510.000000,-8.278147e+02
7511.000000,-8.288118e+02
7512.000000,-8.304585e+02
7513.000000,-8.314919e+02
7514.000000,-8.323670e+02
7515.000000,-8.329101e+02
7516.000000,-8.337954e+02
7517.000000,-8.344160e+02
7518.000000,-8.354179e+02
7519.000000,-8.363926e+02
7520.000000,-8.382724e+02
7521.000000,-8.405522e+02
7522.000000,-8.415005e+02
7523.000000,-8.421185e+02
7524.000000,-8.426512e+02
7525.000000,-8.434011e+02
7526.000000,-8.433883e+02
7527.000000,-8.439837e+02
7528.000000,-8.442545e+02
7529.000000,-8.443017e+02
7530.000000,-8.439880e+02
7531.000000,-8.445326e+02
7532.000000,-8.454098e+02
7533.000000,-8.464665e+02
7534.000000,-8.462468e+02
7535.000000,-8.462432e+02
7536.000000,-8.460999e+02
7537.000000,-8.449954e+02
7538.000000,-8.451505e+02
7539.000000,-8.462377e+02
7540.000000,-8.471105e+02
7541.000000,-8.482913e+02
7542.000000,-8.492937e+02
7543.000000,-8.502590e+02
7544.000000,-8.513030e+02
7545.000000,-8.524507e+02
7546.000000,-8.523413e+02
7547.000000,-8.525615e+02
7548.000000,-8.529659e+02
7549.000000,-8.529443e+02
7550.000000,-8.529749e+02
7551.000000,-8.530551e+02
7552.000000,-8.529919e+02
7553.000000,-8.531055e+02
7554.000000,-8.530270e+02
7555.000000,-8.529314e+02
7556.000000,-8.531411e+02
7557.000000,-8.534862e+02
7558.000000,-8.532643e+02
7559.000000,-8.538201e+02
7560.000000,-8.541995e+02
7561.000000,-8.546731e+02
7562.000000,-8.556991e+02
7563.000000,-8.569254e+02
7564.000000,-8.580437e+02
7565.000000,-8.592778e+02
7566.000000,-8.608782e+02
7567.000000,-8.620734e+02
7568.000000,-8.627135e+02
7569.000000,-8.628738e+02
7570.000000,-8.634700e+02
7571.000000,-8.652943e+02
7572.000000,-8.659603e+02
7573.000000,-8.668591e+02
7574.000000,-8.673635e+02
7575.000000,-8.679734e+02
7576.000000,-8.686373e+02
7577.000000,-8.692098e+02
7578.000000,-8.695999e+02
7579.000000,-8.694134e+02
7580.000000,-8.696302e+02
7581.000000,-8.694614e+02
7582.000000,-8.693459e+02
7583.000000,-8.695678e+02
7584.000000,-8.707605e+02
7585.000000,-8.709851e+02
7586.000000,-8.716976e+02
7587.000000,-8.721212e+02
7588.000000,-8.732359e+02
7589.000000,-8.743612e+02
7590.000000,-8.742821e+02
7591.000000,-8.751657e+02
7592.000000,-8.753864e+02
7593.000000,-8.760204e+02
7594.000000,-8.769979e+02
7595.000000,-8.779853e+02
7596.000000,-8.794730e+02
7597.000000,-8.805524e+02
7598.000000,-8.819548e+02
7599.000000,-8.830091e+02
7600.000000,-8.834501e+02
7601.000000,-8.841816e+02
7602.000000,-8.855475e+02
7603.000000,-8.860430e+02
7604.000000,-8.867803e+02
7605.000000,-8.877103e+02
7606.000000,-8.881451e+02
7607.000000,-8.889436e+02
7608.000000,-8.900217e+02
7609.000000,-8.899504e+02
7610.000000,-8.905081e+02
7611.000000,-8.912336e+02
7612.000000,-8.920391e+02
7613.000000,-8.923232e+02
7614.000000,-8.933348e+02
7615.000000,-8.948326e+02
7616.000000,-8.958508e+02
7617.000000,-8.959114e+02
7618.000000,-8.960612e+02
7619.000000,-8.965875e+02
7620.000000,-8.965246e+02
7621.000000,-8.967503e+02
7622.000000,-8.975165e+02
7623.000000,-8.983555e+02
7624.000000,-8.991158e+02
7625.000000,-9.003700e+02
7626.000000,-9.013686e+02
7627.000000,-9.023585e+02
7628.000000,-9.041315e+02
7629.000000,-9.053919e+02
7630.000000,-9.065345e+02
7631.000000,-9.072739e+02
7632.000000,-9.090741e+02
7633.000000,-9.103812e+02
7634.000000,-9.114875e+02
7635.000000,-9.119465e+02
7636.000000,-9.125764e+02
7637.000000,-9.125174e+02
7638.000000,-9.129371e+02
7639.000000,-9.139159e+02
7640.000000,-9.147908e+02
7641.000000,-9.158993e+02
7642.000000,-9.167226e+02
7643.000000,-9.184483e+02
7644.000000,-9.200572e+02
7645.000000,-9.210718e+02
7646.000000,-9.219237e+02
7647.000000,-9.240707e+02
7648.000000,-9.250735e+02
7649.000000,-9.267601e+02
7650.000000,-9.294734e+02
7651.000000,-9.327339e+02
7652.000000,-9.353051e+02
7653.000000,-9.370318e+02
7654.000000,-9.385459e+02
7655.000000,-9.397559e+02
7656.000000,-9.414403e+02
7657.000000,-9.433639e+02
7658.000000,-9.449571e+02
7659.000000,-9.462483e+02
7660.000000,-9.474329e+02
7661.000000,-9.489073e+02
7662.000000,-9.497784e+02
7663.000000,-9.511980e+02
7664.000000,-9.527546e+02
7665.000000,-9.540277e+02
7666.000000,-9.545810e+02
7667.000000,-9.555004e+02
7668.000000,-9.565480e+02
7669.000000,-9.567722e+02
7670.000000,-9.564321e+02
7671.000000,-9.567939e+02
7672.000000,-9.568969e+02
7673.000000,-9.572377e+02
7674.000000,-9.584018e+02
7675.000000,-9.595980e+02
7676.000000,-9.613722e+02
7677.000000,-9.628561e+02
7678.000000,-9.644907e+02
7679.000000,-9.660985e+02
7680.000000,-9.678197e+02
7681.000000,-9.693291e+02
7682.000000,-9.705193e+02
7683.000000,-9.720945e+02
7684.000000,-9.744350e+02
7685.000000,-9.764413e+02
7686.000000,-9.785617e+02
7687.000000,-9.798685e+02
7688.000000,-9.808982e+02
7689.000000,-9.820334e+02
7690.000000,-9.835551e+02
7691.000000,-9.847189e+02
7692.000000,-9.861387e+02
7693.000000,-9.877155e+02
7694.000000,-9.884437e+02
7695.000000,-9.889615e+02
7696.000000,-9.894850e+02
7697.000000,-9.905803e+02
7698.000000,-9.911356e+02
7699.000000,-9.923008e+02
7700.000000,-9.932186e+02
7701.000000,-9.946487e+02
7702.000000,-9.962294e+02
7703.000000,-9.986551e+02
7704.000000,-1.000248e+03
7705.000000,-1.001518e+03
7706.000000,-1.002806e+03
7707.000000,-1.003336e+03
7708.000000,-1.004986e+03
7709.000000,-1.006576e+03
7710.000000,-1.008232e+03
7711.000000,-1.009612e+03
7712.000000,-1.010197e+03
7713.000000,-1.010612e+03
7714.000000,-1.011962e+03
7715.000000,-1.013494e+03
7716.000000,-1.015066e+03
7717.000000,-1.015599e+03
7718.000000,-1.016158e+03
7719.000000,-1.017394e+03
7720.000000,-1.019313e+03
7721.000000,-1.021225e+03
7722.000000,-1.022469e+03
7723.000000,-1.023582e+03
7724.000000,-1.025645e+03
7725.000000,-1.026916e+03
7726.000000,-1.027269e+03
7727.000000,-1.028151e+03
7728.000000,-1.028448e+03
7729.000000,-1.029168e+03
7730.000000,-1.030717e+03
7731.000000,-1.032091e+03
7732.000000,-1.033436e+03
7733.000000,-1.035135e+03
7734.000000,-1.036720e+03
7735.000000,-1.037347e+03
7736.000000,-1.038763e+03
7737.000000,-1.039517e+03
7738.000000,-1.040806e+03
7739.000000,-1.042003e+03
7740.000000,-1.043045e+03
7741.000000,-1.044556e+03
7742.000000,-1.045865e+03
7743.000000,-1.048172e+03
7744.000000,-1.049771e+03
7745.000000,-1.052348e+03
7746.000000,-1.054032e+03
7747.000000,-1.055101e+03
7748.000000,-1.056334e+03
7749.000000,-1.058428e+03
7750.000000,-1.060596e+03
7751.000000,-1.062508e+03
7752.000000,-1.064120e+03
7753.000000,-1.066472e+03
7754.000000,-1.067994e+03
7755.000000,-1.069219e+03
7756.000000,-1.070578e+03
7757.000000,-1.071622e+03
7758.000000,-1.072811e+03
7759.000000,-1.074459e+03
7760.000000,-1.076641e+03
7761.000000,-1.078046e+03
7762.000000,-1.079692e+03
7763.000000,-1.081071e+03
7764.000000,-1.081802e+03
7765.000000,-1.082083e+03
7766.000000,-1.082869e+03
7767.000000,-1.083608e+03
7768.000000,-1.085072e+03
7769.000000,-1.085917e+03
7770.000000,-1.086676e+03
7771.000000,-1.086964e+03
7772.000000,-1.087890e+03
7773.000000,-1.088711e+03
7774.000000,-1.088998e+03
7775.000000,-1.089756e+03
7776.000000,-1.090793e+03
7777.000000,-1.090523e+03
7778.000000,-1.091561e+03
7779.000000,-1.092365e+03
7780.000000,-1.092958e+03
7781.000000,-1.093612e+03
7782.000000,-1.094489e+03
7783.000000,-1.095412e+03
7784.000000,-1.096400e+03
7785.000000,-1.097561e+03
7786.000000,-1.097479e+03
7787.000000,-1.098201e+03
7788.000000,-1.098810e+03
7789.000000,-1.099860e+03
7790.000000,-1.101064e+03
7791.000000,-1.102437e+03
7792.000000,-1.104229e+03
7793.000000,-1.105486e+03
7794.000000,-1.106648e+03
7795.000000,-1.107266e+03
7796.000000,-1.108766e+03
7797.000000,-1.110140e+03
7798.000000,-1.111443e+03
7799.000000,-1.111839e+03
7800.000000,-1.112968e+03
7801.000000,-1.113582e+03
7802.000000,-1.114034e+03
7803.000000,-1.115074e+03
7804.000000,-1.116756e+03
7805.000000,-1.118396e+03
7806.000000,-1.119171e+03
7807.000000,-1.120588e+03
7808.000000,-1.121372e+03
7809.000000,-1.122130e+03
7810.000000,-1.122780e+03
7811.000000,-1.123472e+03
7812.000000,-1.124800e+03
7813.000000,-1.126163e+03
7814.000000,-1.126896e+03
7815.000000,-1.128233e+03
7816.000000,-1.130326e+03
7817.000000,-1.131074e+03
7818.000000,-1.132130e+03
7819.000000,-1.132424e+03
7820.000000,-1.132179e+03
7821.000000,-1.132324e+03
7822.000000,-1.132114e+03
7823.000000,-1.132109e+03
7824.000000,-1.131681e+03
7825.000000,-1.132254e+03
7826.000000,-1.132467e+03
7827.000000,-1.132334e+03
7828.000000,-1.132396e+03
7829.000000,-1.131937e+03
7830.000000,-1.131867e+03
7831.000000,-1.130760e+03
7832.000000,-1.129592e+03
7833.000000,-1.129268e+03
7834.000000,-1.129013e+03
7835.000000,-1.128743e+03
7836.000000,-1.129581e+03
7837.000000,-1.130542e+03
7838.000000,-1.130505e+03
7839.000000,-1.130830e+03
7840.000000,-1.131483e+03
7841.000000,-1.132280e+03
7842.000000,-1.134009e+03
7843.000000,-1.134930e+03
7844.000000,-1.135788e+03
7845.000000,-1.135856e+03
7846.000000,-1.135755e+03
7847.000000,-1.135834e+03
7848.000000,-1.136135e+03
7849.000000,-1.137154e+03
7850.000000,-1.137347e+03
7851.000000,-1.137341e+03
7852.000000,-1.137028e+03
7853.000000,-1.136599e+03
7854.000000,-1.137808e+03
7855.000000,-1.138798e+03
7856.000000,-1.139882e+03
7857.000000,-1.140628e+03
7858.000000,-1.141420e+03
7859.000000,-1.142299e+03
7860.000000,-1.142837e+03
7861.000000,-1.144304e+03
7862.000000,-1.145938e+03
7863.000000,-1.147563e+03
7864.000000,-1.148945e+03
7865.000000,-1.150559e+03
7866.000000,-1.151660e+03
7867.000000,-1.152707e+03
7868.000000,-1.153853e+03
7869.000000,-1.154297e+03
7870.000000,-1.154934e+03
7871.000000,-1.155192e+03
7872.000000,-1.155930e+03
7873.000000,-1.156715e+03
7874.000000,-1.157702e+03
7875.000000,-1.158433e+03
7876.000000,-1.158883e+03
7877.000000,-1.159721e+03
7878.000000,-1.160310e+03
7879.000000,-1.161336e+03
7880.000000,-1.161842e+03
7881.000000,-1.162748e+03
7882.000000,-1.163175e+03
7883.000000,-1.163823e+03
7884.000000,-1.164141e+03
7885.000000,-1.165666e+03
7886.000000,-1.167556e+03
7887.000000,-1.169202e+03
7888.000000,-1.171139e+03
7889.000000,-1.172952e+03
7890.000000,-1.173872e+03
7891.000000,-1.174912e+03
7892.000000,-1.176136e+03
7893.000000,-1.177308e+03
7894.000000,-1.178400e+03
7895.000000,-1.178630e+03
7896.000000,-1.179769e+03
7897.000000,-1.181132e+03
7898.000000,-1.181613e+03
7899.000000,-1.182214e+03
7900.000000,-1.181996e+03
7901.000000,-1.182669e+03
7902.000000,-1.182923e+03
7903.000000,-1.183155e+03
7904.000000,-1.184160e+03
7905.000000,-1.185354e+03
7906.000000,-1.186027e+03
7907.000000,-1.186919e+03
7908.000000,-1.188780e+03
7909.000000,-1.190806e+03
7910.000000,-1.193278e+03
7911.000000,-1.194516e+03
7912.000000,-1.195919e+03
7913.000000,-1.197410e+03
7914.000000,-1.199514e+03
7915.000000,-1.201379e+03
7916.000000,-1.202866e+03
7917.000000,-1.204226e+03
7918.000000,-1.205087e+03
7919.000000,-1.205490e+03
7920.000000,-1.205217e+03
7921.000000,-1.205807e+03
7922.000000,-1.206255e+03
7923.000000,-1.207661e+03
7924.000000,-1.209583e+03
7925.000000,-1.211115e+03
7926.000000,-1.213039e+03
7927.000000,-1.214361e+03
7928.000000,-1.215950e+03
7929.000000,-1.217821e+03
7930.000000,-1.218226e+03
7931.000000,-1.219406e+03
7932.000000,-1.220980e+03
7933.000000,-1.221552e+03
7934.000000,-1.222513e+03
7935.000000,-1.222826e+03
7936.000000,-1.223757e+03
7937.000000,-1.224599e+03
7938.000000,-1.224959e+03
7939.000000,-1.225086e+03
7940.000000,-1.225116e+03
7941.000000,-1.225447e+03
7942.000000,-1.225545e+03
7943.000000,-1.225570e+03
7944.000000,-1.225882e+03
7945.000000,-1.226488e+03
7946.000000,-1.227586e+03
7947.000000,-1.227895e+03
7948.000000,-1.228331e+03
7949.000000,-1.228867e+03
7950.000000,-1.228832e+03
7951.000000,-1.229681e+03
7952.000000,-1.229456e+03
7953.000000,-1.229789e+03
7954.000000,-1.230173e+03
7955.000000,-1.230975e+03
7956.000000,-1.232314e+03
7957.000000,-1.233029e+03
7958.000000,-1.233418e+03
7959.000000,-1.233694e+03
7960.000000,-1.234460e+03
7961.000000,-1.236105e+03
7962.000000,-1.237321e+03
7963.000000,-1.237041e+03
7964.000000,-1.237678e+03
7965.000000,-1.237479e+03
7966.000000,-1.238072e+03
7967.000000,-1.238386e+03
7968.000000,-1.238323e+03
7969.000000,-1.238632e+03
7970.000000,-1.237998e+03
7971.000000,-1.237814e+03
7972.000000,-1.237546e+03
7973.000000,-1.237480e+03
7974.000000,-1.236959e+03
7975.000000,-1.236057e+03
7976.000000,-1.235734e+03
7977.000000,-1.234873e+03
7978.000000,-1.234893e+03
7979.000000,-1.234545e+03
7980.000000,-1.234393e+03
7981.000000,-1.234927e+03
7982.000000,-1.235051e+03
7983.000000,-1.235273e+03
7984.000000,-1.235809e+03
7985.000000,-1.235885e+03
7986.000000,-1.235986e+03
7987.000000,-1.236199e+03
7988.000000,-1.236419e+03
7989.000000,-1.236675e+03
7990.000000,-1.236996e+03
7991.000000,-1.237136e+03
7992.000000,-1.237363e+03
7993.000000,-1.236451e+03
7994.000000,-1.237059e+03
7995.000000,-1.237555e+03
7996.000000,-1.237803e+03
7997.000000,-1.237126e+03
7998.000000,-1.237614e+03
7999.000000,-1.237537e+03
8000.000000,-1.237392e+03
8001.000000,-1.237160e+03
8002.000000,-1.236534e+03
8003.000000,-1.236042e+03
8004.000000,-1.236338e+03
8005.000000,-1.236705e+03
8006.000000,-1.237908e+03
8007.000000,-1.238514e+03
8008.000000,-1.239388e+03
8009.000000,-1.240170e+03
8010.000000,-1.241439e+03
8011.000000,-1.242007e+03
8012.000000,-1.243212e+03
8013.000000,-1.243760e+03
8014.000000,-1.244661e+03
8015.000000,-1.245232e+03
8016.000000,-1.244780e+03
8017.000000,-1.244304e+03
8018.000000,-1.243501e+03
8019.000000,-1.242612e+03
8020.000000,-1.242599e+03
8021.000000,-1.241959e+03
8022.000000,-1.242382e+03
8023.000000,-1.242120e+03
8024.000000,-1.242275e+03
8025.000000,-1.242561e+03
8026.000000,-1.242109e+03
8027.000000,-1.241374e+03
8028.000000,-1.240631e+03
8029.000000,-1.240200e+03
8030.000000,-1.239833e+03
8031.000000,-1.239339e+03
8032.000000,-1.238924e+03
8033.000000,-1.238484e+03
8034.000000,-1.238203e+03
8035.000000,-1.237894e+03
8036.000000,-1.238604e+03
8037.000000,-1.238919e+03
8038.000000,-1.239578e+03
8039.000000,-1.239476e+03
8040.000000,-1.238772e+03
8041.000000,-1.238883e+03
8042.000000,-1.238872e+03
8043.000000,-1.238791e+03
8044.000000,-1.239873e+03
8045.000000,-1.240445e+03
8046.000000,-1.240735e+03
8047.000000,-1.242205e+03
8048.000000,-1.242784e+03
8049.000000,-1.242198e+03
8050.000000,-1.241418e+03
8051.000000,-1.240776e+03
8052.000000,-1.239940e+03
8053.000000,-1.239322e+03
8054.000000,-1.238641e+03
8055.000000,-1.238277e+03
8056.000000,-1.237779e+03
8057.000000,-1.237396e+03
8058.000000,-1.236144e+03
8059.000000,-1.234638e+03
8060.000000,-1.233286e+03
8061.000000,-1.232780e+03
8062.000000,-1.232511e+03
8063.000000,-1.231365e+03
8064.000000,-1.230423e+03
8065.000000,-1.229687e+03
8066.000000,-1.229332e+03
8067.000000,-1.228653e+03
8068.000000,-1.228408e+03
8069.000000,-1.227383e+03
8070.000000,-1.225852e+03
8071.000000,-1.224208e+03
8072.000000,-1.223081e+03
8073.000000,-1.222850e+03
8074.000000,-1.221955e+03
8075.000000,-1.220293e+03
8076.000000,-1.219749e+03
8077.000000,-1.218911e+03
8078.000000,-1.217408e+03
8079.000000,-1.216064e+03
8080.000000,-1.214186e+03
8081.000000,-1.213693e+03
8082.000000,-1.213456e+03
8083.000000,-1.212479e+03
8084.000000,-1.212379e+03
8085.000000,-1.211949e+03
8086.000000,-1.211288e+03
8087.000000,-1.210105e+03
8088.000000,-1.208992e+03
8089.000000,-1.207961e+03
8090.000000,-1.207150e+03
8091.000000,-1.205483e+03
8092.000000,-1.202724e+03
8093.000000,-1.201393e+03
8094.000000,-1.200769e+03
8095.000000,-1.200918e+03
8096.000000,-1.200953e+03
8097.000000,-1.200811e+03
8098.000000,-1.200729e+03
8099.000000,-1.200289e+03
8100.000000,-1.199064e+03
8101.000000,-1.198076e+03
8102.000000,-1.197860e+03
8103.000000,-1.198125e+03
8104.000000,-1.197524e+03
8105.000000,-1.197539e+03
8106.000000,-1.198286e+03
8107.000000,-1.198126e+03
8108.000000,-1.197961e+03
8109.000000,-1.199222e+03
8110.000000,-1.199966e+03
8111.000000,-1.200252e+03
8112.000000,-1.200176e+03
8113.000000,-1.200588e+03
8114.000000,-1.201111e+03
8115.000000,-1.201043e+03
8116.000000,-1.201353e+03
8117.000000,-1.201401e+03
8118.000000,-1.202119e+03
8119.000000,-1.202885e+03
8120.000000,-1.202723e+03
8121.000000,-1.202570e+03
8122.000000,-1.202202e+03
8123.000000,-1.202434e+03
8124.000000,-1.202731e+03
8125.000000,-1.202249e+03
8126.000000,-1.202682e+03
8127.000000,-1.202041e+03
8128.000000,-1.201243e+03
8129.000000,-1.200785e+03
8130.000000,-1.201119e+03
8131.000000,-1.201659e+03
8132.000000,-1.202058e+03
8133.000000,-1.202864e+03
8134.000000,-1.203444e+03
8135.000000,-1.203231e+03
8136.000000,-1.202939e+03
8137.000000,-1.203190e+03
8138.000000,-1.202722e+03
8139.000000,-1.202104e+03
8140.000000,-1.201040e+03
8141.000000,-1.200269e+03
8142.000000,-1.199410e+03
8143.000000,-1.198812e+03
8144.000000,-1.198257e+03
8145.000000,-1.198667e+03
8146.000000,-1.198760e+03
8147.000000,-1.198779e+03
8148.000000,-1.198837e+03
8149.000000,-1.198584e+03
8150.000000,-1.198239e+03
8151.000000,-1.198047e+03
8152.000000,-1.198188e+03
8153.000000,-1.198542e+03
8154.000000,-1.198228e+03
8155.000000,-1.198276e+03
8156.000000,-1.198986e+03
8157.000000,-1.199565e+03
8158.000000,-1.200687e+03
8159.000000,-1.201109e+03
8160.000000,-1.201491e+03
8161.000000,-1.201854e+03
8162.000000,-1.201389e+03
8163.000000,-1.201811e+03
8164.000000,-1.201453e+03
8165.000000,-1.200420e+03
8166.000000,-1.199929e+03
8167.000000,-1.200182e+03
8168.000000,-1.201143e+03
8169.000000,-1.202324e+03
8170.000000,-1.203177e+03
8171.000000,-1.204105e+03
8172.000000,-1.205017e+03
8173.000000,-1.205717e+03
8174.000000,-1.206238e+03
8175.000000,-1.206573e+03
8176.000000,-1.207567e+03
8177.000000,-1.208348e+03
8178.000000,-1.208798e+03
8179.000000,-1.209045e+03
8180.000000,-1.208456e+03
8181.000000,-1.208540e+03
8182.000000,-1.209394e+03
8183.000000,-1.209473e+03
8184.000000,-1.209398e+03
8185.000000,-1.209642e+03
8186.000000,-1.210190e+03
8187.000000,-1.209649e+03
8188.000000,-1.210011e+03
8189.000000,-1.209767e+03
8190.000000,-1.209548e+03
8191.000000,-1.209102e+03
8192.000000,-1.208246e+03
